ObservationDate,sum(Confirmed),sum(Deaths),sum(Recovered),Country
2020-03,7,0,0,Chad
2020-04,73,5,33,Chad
2020-05,778,65,491,Chad
2020-06,866,74,781,Chad
2020-07,936,75,813,Chad
2020-08,1013,77,880,Chad
2020-09,1200,85,1007,Chad
2020-10,1483,98,1314,Chad
2020-11,1688,101,1525,Chad
2020-12,2113,104,1704,Chad
2021-01,3376,118,2464,Chad
2021-02,3973,140,3475,Chad
2021-03,4533,164,4140,Chad
2021-04,4817,170,4423,Chad
2021-05,4928,173,4742,Chad
2020-01,2,0,0,Russia
2020-02,2,0,2,Russia
2020-03,2337,17,121,Russia
2020-04,106498,1073,11619,Russia
2020-05,405843,4693,171883,Russia
2020-06,646929,9306,411973,Russia
2020-07,838461,13939,637217,Russia
2020-08,992402,17128,807339,Russia
2020-09,1170799,20630,954788,Russia
2020-10,1606267,27792,1208440,Russia
2020-11,2275936,39491,1763493,Russia
2020-12,3127347,56271,2527722,Russia
2021-01,3808348,72029,3264611,Russia
2021-02,4198400,84700,3769025,Russia
2021-03,4494234,97219,4118709,Russia
2021-04,4750755,108290,4377504,Russia
2021-05,4995613,118787,4616422,Russia
2020-03,65,3,1,Paraguay
2020-04,266,10,113,Paraguay
2020-05,986,11,477,Paraguay
2020-06,2221,17,1089,Paraguay
2020-07,5338,49,3548,Paraguay
2020-08,17662,326,9421,Paraguay
2020-09,40758,857,24449,Paraguay
2020-10,63185,1404,42900,Paraguay
2020-11,82424,1756,58453,Paraguay
2020-12,107932,2262,81977,Paraguay
2021-01,133227,2718,108426,Paraguay
2021-02,159474,3181,133435,Paraguay
2021-03,214667,4206,175614,Paraguay
2021-04,279077,6385,229519,Paraguay
2021-05,350613,8987,288232,Paraguay
2020-02,1,0,0,North Ireland
2020-04,6,2,1,Yemen
2020-05,323,80,14,Yemen
2020-06,1158,312,488,Yemen
2020-07,1728,493,862,Yemen
2020-08,1958,566,1131,Yemen
2020-09,2034,587,1286,Yemen
2020-10,2063,599,1366,Yemen
2020-11,2077,605,1382,Yemen
2020-12,2099,610,1394,Yemen
2021-01,2121,615,1426,Yemen
2021-02,2285,634,1435,Yemen
2021-03,4357,888,1676,Yemen
2021-04,6317,1226,2751,Yemen
2021-05,6731,1319,3399,Yemen
2020-03,175,0,40,Senegal
2020-04,933,9,334,Senegal
2020-05,3645,42,1801,Senegal
2020-06,6793,112,4431,Senegal
2020-07,10232,205,6776,Senegal
2020-08,13611,284,9439,Senegal
2020-09,14982,311,12437,Senegal
2020-10,15616,324,14853,Senegal
2020-11,16089,333,15607,Senegal
2020-12,19140,410,17254,Senegal
2021-01,26523,628,21970,Senegal
2021-02,34520,872,28894,Senegal
2021-03,38705,1051,37321,Senegal
2021-04,40344,1107,39083,Senegal
2021-05,41331,1138,39972,Senegal
2020-01,1,0,0,Sweden
2020-02,12,0,0,Sweden
2020-03,4435,180,16,Sweden
2020-04,21092,2586,1005,Sweden
2020-05,37542,4395,4971,Sweden
2020-06,110334,9895,4971,Sweden
2020-07,80423,5744,0,Sweden
2020-08,87486,5827,0,Sweden
2020-09,92863,5895,0,Sweden
2020-10,124355,5978,0,Sweden
2020-11,243129,6681,0,Sweden
2020-12,437379,8727,0,Sweden
2021-01,566957,11591,0,Sweden
2021-02,657309,12826,0,Sweden
2021-03,804886,13467,0,Sweden
2021-04,973604,14048,0,Sweden
2021-05,1068473,14451,0,Sweden
2020-01,0,0,0,Kiribati
2020-02,0,0,0,Kiribati
2020-03,0,0,0,Kiribati
2020-04,0,0,0,Kiribati
2020-05,0,0,0,Kiribati
2020-06,0,0,0,Kiribati
2020-07,0,0,0,Kiribati
2020-08,0,0,0,Kiribati
2020-09,0,0,0,Kiribati
2020-10,0,0,0,Kiribati
2020-11,0,0,0,Kiribati
2020-12,0,0,0,Kiribati
2021-01,0,0,0,Kiribati
2021-02,0,0,0,Kiribati
2021-03,0,0,0,Kiribati
2021-04,0,0,0,Kiribati
2021-05,2,0,0,Kiribati
2020-03,20,2,0,Guyana
2020-04,82,9,22,Guyana
2020-05,153,12,70,Guyana
2020-06,245,12,114,Guyana
2020-07,413,20,185,Guyana
2020-08,1306,39,718,Guyana
2020-09,2894,80,1680,Guyana
2020-10,4162,124,3228,Guyana
2020-11,5406,151,4392,Guyana
2020-12,6332,164,5820,Guyana
2021-01,7641,176,6591,Guyana
2021-02,8585,195,7972,Guyana
2021-03,10249,231,9098,Guyana
2021-04,13283,296,11208,Guyana
2021-05,16822,382,14468,Guyana
2020-01,1,0,0,Philippines
2020-02,3,1,1,Philippines
2020-03,2084,88,49,Philippines
2020-04,8488,568,1043,Philippines
2020-05,18086,957,3909,Philippines
2020-06,37514,1266,10233,Philippines
2020-07,93354,2023,65178,Philippines
2020-08,220819,3558,157562,Philippines
2020-09,311694,5504,253488,Philippines
2020-10,380729,7221,331046,Philippines
2020-11,431630,8392,398658,Philippines
2020-12,474064,9244,439796,Philippines
2021-01,525618,10749,487551,Philippines
2021-02,576352,12318,534271,Philippines
2021-03,747288,13297,603746,Philippines
2021-04,1037460,17234,946318,Philippines
2021-05,1216582,20722,1142246,Philippines
2020-03,2,0,0,Jersey
2020-03,15,0,0,Eritrea
2020-04,39,0,26,Eritrea
2020-05,39,0,39,Eritrea
2020-06,203,0,53,Eritrea
2020-07,279,0,225,Eritrea
2020-08,319,0,284,Eritrea
2020-09,375,0,341,Eritrea
2020-10,463,0,412,Eritrea
2020-11,577,0,498,Eritrea
2020-12,1320,3,643,Eritrea
2021-01,2135,7,1594,Eritrea
2021-02,2847,7,2253,Eritrea
2021-03,3285,10,3029,Eritrea
2021-04,3671,10,3492,Eritrea
2021-05,4061,14,3812,Eritrea
2020-03,15,1,0,Burma
2020-04,151,6,27,Burma
2020-05,224,6,138,Burma
2020-06,299,6,222,Burma
2020-07,353,6,296,Burma
2020-08,882,6,354,Burma
2020-09,13373,310,3755,Burma
2020-10,52706,1237,32774,Burma
2020-11,90713,1941,70156,Burma
2020-12,124630,2682,107069,Burma
2021-01,140145,3131,125072,Burma
2021-02,141896,3199,131480,Burma
2021-03,142434,3206,131800,Burma
2021-04,142817,3209,131966,Burma
2021-05,143526,3216,132297,Burma
2020-03,30,0,0,Djibouti
2020-04,1089,2,642,Djibouti
2020-05,3354,24,1504,Djibouti
2020-06,4682,54,4524,Djibouti
2020-07,5084,58,4999,Djibouti
2020-08,5387,60,5323,Djibouti
2020-09,5416,61,5344,Djibouti
2020-10,5561,61,5441,Djibouti
2020-11,5679,61,5584,Djibouti
2020-12,5831,61,5728,Djibouti
2021-01,5932,63,5845,Djibouti
2021-02,6066,63,5897,Djibouti
2021-03,8002,70,6460,Djibouti
2021-04,11100,143,10708,Djibouti
2021-05,11523,153,11354,Djibouti
2020-01,13,0,0,Singapore
2020-02,102,0,72,Singapore
2020-03,926,3,240,Singapore
2020-04,16169,15,1244,Singapore
2020-05,34884,23,21699,Singapore
2020-06,43907,26,38500,Singapore
2020-07,52205,27,46491,Singapore
2020-08,56812,27,55658,Singapore
2020-09,57765,27,57488,Singapore
2020-10,58015,28,57913,Singapore
2020-11,58218,29,58134,Singapore
2020-12,58599,29,58449,Singapore
2021-01,59536,29,59228,Singapore
2021-02,59936,29,59823,Singapore
2021-03,60381,30,60149,Singapore
2021-04,61145,30,60751,Singapore
2021-05,62003,32,61423,Singapore
2020-01,8,0,0,Malaysia
2020-02,25,0,18,Malaysia
2020-03,2766,43,537,Malaysia
2020-04,6002,102,4171,Malaysia
2020-05,7819,115,6353,Malaysia
2020-06,8639,121,8354,Malaysia
2020-07,8976,125,8644,Malaysia
2020-08,9340,127,9054,Malaysia
2020-09,11224,136,9967,Malaysia
2020-10,31548,249,21248,Malaysia
2020-11,65697,360,54759,Malaysia
2020-12,113010,471,88941,Malaysia
2021-01,214959,760,166049,Malaysia
2021-02,300752,1130,273417,Malaysia
2021-03,345500,1272,329624,Malaysia
2021-04,408713,1506,377980,Malaysia
2021-05,558534,2650,479666,Malaysia
2020-03,5,0,0,Fiji
2020-04,18,0,12,Fiji
2020-05,18,0,15,Fiji
2020-06,18,0,18,Fiji
2020-07,27,1,18,Fiji
2020-08,28,2,23,Fiji
2020-09,32,2,28,Fiji
2020-10,34,2,31,Fiji
2020-11,42,2,33,Fiji
2020-12,49,2,44,Fiji
2021-01,55,2,53,Fiji
2021-02,59,2,54,Fiji
2021-03,67,2,64,Fiji
2021-04,117,2,65,Fiji
2021-05,360,4,161,Fiji
2020-03,13531,214,243,Turkey
2020-04,120204,3174,48886,Turkey
2020-05,163942,4540,127973,Turkey
2020-06,199906,5131,173111,Turkey
2020-07,230873,5691,214535,Turkey
2020-08,270133,6370,244926,Turkey
2020-09,318663,8195,279749,Turkey
2020-10,375367,10252,323971,Turkey
2020-11,638847,13746,404727,Turkey
2020-12,2208652,20881,2100650,Turkey
2021-01,2477463,25993,2362415,Turkey
2021-02,2701588,28569,2572234,Turkey
2021-03,3317182,31537,3014226,Turkey
2021-04,4820591,40131,4323897,Turkey
2021-05,5235978,47271,5094279,Turkey
2020-04,37,3,7,Malawi
2020-05,284,4,42,Malawi
2020-06,1224,14,260,Malawi
2020-07,4078,114,1875,Malawi
2020-08,5566,175,3160,Malawi
2020-09,5773,179,4263,Malawi
2020-10,5930,184,5323,Malawi
2020-11,6028,185,5455,Malawi
2020-12,6583,189,5705,Malawi
2021-01,23963,702,8615,Malawi
2021-02,31945,1044,18874,Malawi
2021-03,33551,1117,30272,Malawi
2021-04,34078,1148,32051,Malawi
2021-05,34329,1154,32603,Malawi
2020-02,13,0,0,Iraq
2020-03,694,50,170,Iraq
2020-04,2085,93,1375,Iraq
2020-05,6439,205,3156,Iraq
2020-06,49109,1943,24760,Iraq
2020-07,124609,4741,87434,Iraq
2020-08,234934,7042,176602,Iraq
2020-09,362981,9181,292197,Iraq
2020-10,472630,10910,399655,Iraq
2020-11,552549,12258,482674,Iraq
2020-12,595291,12813,537841,Iraq
2021-01,619636,13047,592129,Iraq
2021-02,695489,13406,635931,Iraq
2021-03,850924,14323,759560,Iraq
2021-04,1065199,15465,942046,Iraq
2021-05,1193608,16334,1107101,Iraq
2020-01,5,0,0,Germany
2020-02,79,0,16,Germany
2020-03,71808,775,16100,Germany
2020-04,163009,6623,123500,Germany
2020-05,357983,16473,314661,Germany
2020-06,196256,8992,178119,Germany
2020-07,210421,9147,192987,Germany
2020-08,245061,9307,216795,Germany
2020-09,292913,9495,256861,Germany
2020-10,534914,10483,356520,Germany
2020-11,1079810,16694,749219,Germany
2020-12,1764479,33791,1350708,Germany
2021-01,2235794,57163,1940046,Germany
2021-02,2455025,70152,2259548,Germany
2021-03,2843760,76589,2539660,Germany
2021-04,3412276,83098,3008640,Germany
2021-05,3690612,88416,3480030,Germany
2020-04,1,0,0,Comoros
2020-05,106,2,26,Comoros
2020-06,303,7,200,Comoros
2020-07,378,7,330,Comoros
2020-08,423,7,399,Comoros
2020-09,479,7,464,Comoros
2020-10,545,7,498,Comoros
2020-11,611,7,586,Comoros
2020-12,823,10,705,Comoros
2021-01,2726,93,1731,Comoros
2021-02,3571,144,3314,Comoros
2021-03,3696,146,3525,Comoros
2021-04,3834,146,3674,Comoros
2021-05,3881,146,3719,Comoros
2020-01,1,0,0,Cambodia
2020-02,1,0,1,Cambodia
2020-03,109,0,23,Cambodia
2020-04,122,0,119,Cambodia
2020-05,125,0,123,Cambodia
2020-06,141,0,130,Cambodia
2020-07,239,0,164,Cambodia
2020-08,274,0,266,Cambodia
2020-09,277,0,275,Cambodia
2020-10,291,0,283,Cambodia
2020-11,326,0,304,Cambodia
2020-12,378,0,362,Cambodia
2021-01,466,0,443,Cambodia
2021-02,820,0,477,Cambodia
2021-03,2440,11,1191,Cambodia
2021-04,13402,93,5152,Cambodia
2021-05,28825,203,21315,Cambodia
2020-02,1,0,0,Afghanistan
2020-03,175,4,5,Afghanistan
2020-04,2127,64,260,Afghanistan
2020-05,15208,258,1328,Afghanistan
2020-06,31507,752,14131,Afghanistan
2020-07,36665,1284,25509,Afghanistan
2020-08,38159,1403,29089,Afghanistan
2020-09,39268,1460,32789,Afghanistan
2020-10,41425,1538,34321,Afghanistan
2020-11,46274,1795,36831,Afghanistan
2020-12,51526,2191,41727,Afghanistan
2021-01,55023,2400,47679,Afghanistan
2021-02,55714,2443,49333,Afghanistan
2021-03,56454,2484,51550,Afghanistan
2021-04,59745,2625,53206,Afghanistan
2021-05,70111,2899,57281,Afghanistan
2020-01,1,0,0,Ivory Coast
2020-03,179,1,7,Ivory Coast
2020-04,1275,14,574,Ivory Coast
2020-05,2833,33,1435,Ivory Coast
2020-06,9499,68,4273,Ivory Coast
2020-07,16047,102,11428,Ivory Coast
2020-08,18067,117,16699,Ivory Coast
2020-09,19724,120,19291,Ivory Coast
2020-10,20716,126,20365,Ivory Coast
2020-11,21331,132,20964,Ivory Coast
2020-12,22490,137,21934,Ivory Coast
2021-01,28399,154,26007,Ivory Coast
2021-02,32754,192,32624,Ivory Coast
2021-03,43889,244,40254,Ivory Coast
2021-04,46036,286,45526,Ivory Coast
2021-05,47233,303,46642,Ivory Coast
2020-03,274,5,30,Jordan
2020-04,453,8,362,Jordan
2020-05,739,9,586,Jordan
2020-06,1132,9,882,Jordan
2020-07,1223,11,1084,Jordan
2020-08,2034,15,1508,Jordan
2020-09,11825,61,4626,Jordan
2020-10,72607,829,7600,Jordan
2020-11,219430,2751,155026,Jordan
2020-12,294494,3834,270551,Jordan
2021-01,326855,4316,314581,Jordan
2021-02,391090,4701,348599,Jordan
2021-03,611577,6858,513144,Jordan
2021-04,711373,8836,682503,Jordan
2021-05,734659,9436,713902,Jordan
2020-03,18,0,13,Maldives
2020-04,468,1,17,Maldives
2020-05,1773,5,453,Maldives
2020-06,2361,9,1944,Maldives
2020-07,3793,16,2607,Maldives
2020-08,7804,28,5155,Maldives
2020-09,10291,34,9108,Maldives
2020-10,11659,38,10814,Maldives
2020-11,13011,46,11939,Maldives
2020-12,13757,48,13141,Maldives
2021-01,15841,52,14139,Maldives
2021-02,19793,62,17249,Maldives
2021-03,24079,67,21155,Maldives
2021-04,29835,73,24775,Maldives
2021-05,62906,157,38233,Maldives
2020-03,75,0,0,Rwanda
2020-04,243,0,104,Rwanda
2020-05,370,1,256,Rwanda
2020-06,1025,2,447,Rwanda
2020-07,2022,5,1106,Rwanda
2020-08,4063,16,2013,Rwanda
2020-09,4840,29,3154,Rwanda
2020-10,5137,35,4879,Rwanda
2020-11,5934,49,5516,Rwanda
2020-12,8383,92,6542,Rwanda
2021-01,15304,196,10087,Rwanda
2021-02,18850,261,17313,Rwanda
2021-03,21783,307,20182,Rwanda
2021-04,25116,335,23234,Rwanda
2021-05,26892,352,25602,Rwanda
2020-03,7,2,1,Sudan
2020-04,375,31,39,Sudan
2020-05,4800,286,1423,Sudan
2020-06,9372,572,4014,Sudan
2020-07,11579,746,6119,Sudan
2020-08,13189,823,6612,Sudan
2020-09,13646,836,6764,Sudan
2020-10,13804,837,6764,Sudan
2020-11,18045,1249,10302,Sudan
2020-12,25500,1468,13524,Sudan
2021-01,29380,1807,21410,Sudan
2021-02,30347,1880,22907,Sudan
2021-03,31833,2063,24214,Sudan
2021-04,33944,2349,26795,Sudan
2021-05,35289,2600,27949,Sudan
2020-01,5,0,0,France
2020-02,100,2,12,France
2020-03,86403,4948,11725,France
2020-04,169185,24380,50380,France
2020-05,190975,28805,68473,France
2020-06,204244,29846,76399,France
2020-07,227239,30268,82516,France
2020-08,321160,30646,86790,France
2020-09,605893,31978,98632,France
2020-10,1414364,36827,123095,France
2020-11,2276874,52819,167913,France
2020-12,2677666,64759,200142,France
2021-01,3255920,76201,230612,France
2021-02,3815639,86580,261649,France
2021-03,4705068,95798,301467,France
2021-04,5677835,104675,346480,France
2021-05,5982662,109518,390878,France
2020-02,4,0,0,Greece
2020-03,1314,49,52,Greece
2020-04,2591,140,1374,Greece
2020-05,2917,175,1374,Greece
2020-06,3409,192,1374,Greece
2020-07,4477,206,1374,Greece
2020-08,10317,266,1374,Greece
2020-09,18475,391,1347,Greece
2020-10,39251,626,23074,Greece
2020-11,105271,2406,23074,Greece
2020-12,138850,4838,93764,Greece
2021-01,156957,5796,93764,Greece
2021-02,191100,6504,93764,Greece
2021-03,263689,8093,93764,Greece
2021-04,345033,10381,93764,Greece
2021-05,400395,12024,93764,Greece
2020-03,112,1,6,Kosovo
2020-04,799,22,249,Kosovo
2020-05,1064,30,829,Kosovo
2020-06,2878,51,1577,Kosovo
2020-07,8330,227,4578,Kosovo
2020-08,13454,525,9595,Kosovo
2020-09,15620,625,13554,Kosovo
2020-10,19328,678,15429,Kosovo
2020-11,39596,1016,25001,Kosovo
2020-12,51144,1332,40989,Kosovo
2021-01,60218,1498,52439,Kosovo
2021-02,68451,1592,59440,Kosovo
2021-03,89181,1866,74186,Kosovo
2021-04,103638,2134,91211,Kosovo
2021-05,106946,2247,102303,Kosovo
2020-01,1,0,0,Sri Lanka
2020-02,1,0,1,Sri Lanka
2020-03,143,2,17,Sri Lanka
2020-04,663,7,154,Sri Lanka
2020-05,1633,10,801,Sri Lanka
2020-06,2047,11,1711,Sri Lanka
2020-07,2815,11,2391,Sri Lanka
2020-08,3049,12,2868,Sri Lanka
2020-09,3380,13,3230,Sri Lanka
2020-10,10663,20,4399,Sri Lanka
2020-11,23987,118,17560,Sri Lanka
2020-12,43299,204,35329,Sri Lanka
2021-01,64157,316,57159,Sri Lanka
2021-02,83094,464,78947,Sri Lanka
2021-03,92706,568,89251,Sri Lanka
2021-04,108146,678,95975,Sri Lanka
2021-05,180593,1363,148391,Sri Lanka
2020-03,2,0,0,MS Zaandam
2020-04,9,2,0,MS Zaandam
2020-05,9,2,0,MS Zaandam
2020-06,9,2,0,MS Zaandam
2020-07,9,2,0,MS Zaandam
2020-08,9,2,0,MS Zaandam
2020-09,9,2,0,MS Zaandam
2020-10,9,2,0,MS Zaandam
2020-11,9,2,0,MS Zaandam
2020-12,9,2,7,MS Zaandam
2021-01,9,2,7,MS Zaandam
2021-02,9,2,7,MS Zaandam
2021-03,9,2,7,MS Zaandam
2021-04,9,2,7,MS Zaandam
2021-05,9,2,7,MS Zaandam
2020-01,10,0,0,Taiwan
2020-02,39,1,9,Taiwan
2020-03,369,6,56,Taiwan
2020-04,429,6,322,Taiwan
2020-05,442,7,423,Taiwan
2020-06,447,7,437,Taiwan
2020-07,467,7,440,Taiwan
2020-08,488,7,462,Taiwan
2020-09,514,7,483,Taiwan
2020-10,555,7,515,Taiwan
2020-11,675,7,565,Taiwan
2020-12,799,7,671,Taiwan
2021-01,911,8,830,Taiwan
2021-02,955,9,919,Taiwan
2021-03,1030,10,981,Taiwan
2021-04,1128,12,1053,Taiwan
2021-05,7806,99,1133,Taiwan
2020-03,12,0,0,Dominica
2020-04,16,0,13,Dominica
2020-05,16,0,16,Dominica
2020-06,18,0,18,Dominica
2020-07,18,0,18,Dominica
2020-08,20,0,18,Dominica
2020-09,30,0,24,Dominica
2020-10,50,0,33,Dominica
2020-11,85,0,63,Dominica
2020-12,88,0,83,Dominica
2021-01,117,0,106,Dominica
2021-02,142,0,127,Dominica
2021-03,161,0,153,Dominica
2021-04,174,0,172,Dominica
2021-05,188,0,182,Dominica
2020-02,1,0,0,Algeria
2020-03,716,44,65,Algeria
2020-04,4006,450,1779,Algeria
2020-05,9394,653,5748,Algeria
2020-06,13907,912,9897,Algeria
2020-07,30394,1210,20537,Algeria
2020-08,44494,1510,31244,Algeria
2020-09,51530,1736,36174,Algeria
2020-10,57942,1964,40201,Algeria
2020-11,83199,2431,53809,Algeria
2020-12,99610,2756,67127,Algeria
2021-01,107339,2891,73344,Algeria
2021-02,113092,2983,78098,Algeria
2021-03,117192,3093,81538,Algeria
2021-04,122108,3253,85108,Algeria
2021-05,128456,3460,89419,Algeria
2020-03,34,1,10,Togo
2020-04,116,9,65,Togo
2020-05,442,13,211,Togo
2020-06,650,14,402,Togo
2020-07,941,19,641,Togo
2020-08,1400,28,1005,Togo
2020-09,1784,48,1348,Togo
2020-10,2331,57,1660,Togo
2020-11,2974,64,2478,Togo
2020-12,3633,68,3393,Togo
2021-01,5074,77,4268,Togo
2021-02,6901,84,5660,Togo
2021-03,10249,109,7815,Togo
2021-04,12967,123,11140,Togo
2021-05,13432,125,12644,Togo
2020-03,12,0,1,Equatorial Guinea
2020-04,315,1,9,Equatorial Guinea
2020-05,1306,12,200,Equatorial Guinea
2020-06,2001,32,515,Equatorial Guinea
2020-07,4821,83,2182,Equatorial Guinea
2020-08,4941,83,3884,Equatorial Guinea
2020-09,5030,83,4769,Equatorial Guinea
2020-10,5088,83,4965,Equatorial Guinea
2020-11,5153,85,5009,Equatorial Guinea
2020-12,5277,86,5136,Equatorial Guinea
2021-01,5516,86,5286,Equatorial Guinea
2021-02,6005,91,5622,Equatorial Guinea
2021-03,6914,102,6495,Equatorial Guinea
2021-04,7694,112,7279,Equatorial Guinea
2021-05,8529,118,8146,Equatorial Guinea
2020-03,363,1,7,Slovakia
2020-04,1396,23,524,Slovakia
2020-05,1521,28,1366,Slovakia
2020-06,1667,28,1464,Slovakia
2020-07,2292,29,1695,Slovakia
2020-08,3917,33,2377,Slovakia
2020-09,10141,48,4395,Slovakia
2020-10,57664,219,12617,Slovakia
2020-11,105929,839,66041,Slovakia
2020-12,179543,2138,125971,Slovakia
2021-01,249913,4642,216052,Slovakia
2021-02,308083,7189,255300,Slovakia
2021-03,361185,9719,255300,Slovakia
2021-04,382211,11684,255300,Slovakia
2021-05,389440,12333,255300,Slovakia
2020-01,7,0,0,Macau
2020-02,10,0,8,Macau
2020-03,41,0,10,Macau
2020-04,45,0,35,Macau
2020-05,45,0,45,Macau
2020-06,46,0,45,Macau
2020-07,46,0,46,Macau
2020-08,46,0,46,Macau
2020-09,46,0,46,Macau
2020-10,46,0,46,Macau
2020-11,46,0,46,Macau
2020-12,46,0,46,Macau
2021-01,47,0,46,Macau
2021-02,48,0,47,Macau
2021-03,48,0,48,Macau
2021-04,49,0,49,Macau
2021-05,51,0,49,Macau
2020-03,45,0,0,Reunion
2020-03,1054,27,240,Argentina
2020-04,4428,218,1256,Argentina
2020-05,16851,539,5336,Argentina
2020-06,64530,1307,22028,Argentina
2020-07,191302,3543,83780,Argentina
2020-08,417735,8660,301195,Argentina
2020-09,751001,16937,594645,Argentina
2020-10,1166924,31002,973939,Argentina
2020-11,1424533,38730,1257227,Argentina
2020-12,1625514,43245,1426676,Argentina
2021-01,1927239,47974,1721650,Argentina
2021-02,2107365,51965,1905021,Argentina
2021-03,2348821,55858,2102616,Argentina
2021-04,2977363,63865,2634306,Argentina
2021-05,3732263,77108,3288467,Argentina
2020-02,1,0,1,Belgium
2020-03,12775,705,1696,Belgium
2020-04,48519,7594,11576,Belgium
2020-05,58381,9467,15887,Belgium
2020-06,61427,9747,16984,Belgium
2020-07,68751,9841,17546,Belgium
2020-08,85236,9996,18422,Belgium
2020-09,118452,10016,19454,Belgium
2020-10,429229,11625,25569,Belgium
2020-11,1092736,30403,31130,Belgium
2020-12,646496,19528,0,Belgium
2021-01,710153,21092,0,Belgium
2021-02,771511,22077,0,Belgium
2021-03,882453,23016,0,Belgium
2021-04,990229,24230,0,Belgium
2021-05,1059763,24921,0,Belgium
2020-03,7,2,1,Angola
2020-04,27,2,7,Angola
2020-05,86,4,18,Angola
2020-06,284,13,93,Angola
2020-07,1148,52,437,Angola
2020-08,2654,108,1335,Angola
2020-09,4972,183,1941,Angola
2020-10,10805,284,4523,Angola
2020-11,15139,348,7851,Angola
2020-12,17553,405,11044,Angola
2021-01,19796,466,18035,Angola
2021-02,20807,508,19322,Angola
2021-03,22311,537,20493,Angola
2021-04,26652,596,23876,Angola
2021-05,34180,757,27646,Angola
2020-02,1,0,0,San Marino
2020-03,236,26,13,San Marino
2020-04,569,41,78,San Marino
2020-05,671,42,357,San Marino
2020-06,698,42,656,San Marino
2020-07,699,42,657,San Marino
2020-08,715,42,660,San Marino
2020-09,735,42,680,San Marino
2020-10,928,42,721,San Marino
2020-11,1612,46,1299,San Marino
2020-12,2428,59,2042,San Marino
2021-01,3025,67,2723,San Marino
2021-02,3716,74,3257,San Marino
2021-03,4730,84,4128,San Marino
2021-04,5066,90,4917,San Marino
2021-05,5089,90,4995,San Marino
2020-03,1,0,0,East Timor
2020-02,1,0,0,Qatar
2020-03,781,2,62,Qatar
2020-04,13409,10,1372,Qatar
2020-05,56910,38,30290,Qatar
2020-06,96088,113,81564,Qatar
2020-07,110695,174,107377,Qatar
2020-08,118778,197,115667,Qatar
2020-09,125760,214,122699,Qatar
2020-10,132556,232,129583,Qatar
2020-11,138833,237,136090,Qatar
2020-12,143834,245,141422,Qatar
2021-01,151335,248,145806,Qatar
2021-02,163664,258,153621,Qatar
2021-03,179964,291,164121,Qatar
2021-04,205652,458,189544,Qatar
2021-05,217041,554,212716,Qatar
2020-03,2240,75,54,Ecuador
2020-04,24934,900,1558,Ecuador
2020-05,39098,3358,19592,Ecuador
2020-06,56432,4527,27594,Ecuador
2020-07,85355,5702,36044,Ecuador
2020-08,113767,6556,101669,Ecuador
2020-09,137047,11355,112296,Ecuador
2020-10,168192,12670,141759,Ecuador
2020-11,192685,13461,169804,Ecuador
2020-12,212512,14034,184507,Ecuador
2021-01,250828,14859,209814,Ecuador
2021-02,286155,15811,247898,Ecuador
2021-03,328755,16847,281684,Ecuador
2021-04,381862,18631,318598,Ecuador
2021-05,424741,20485,366425,Ecuador
2020-05,2,0,1,Lesotho
2020-06,27,0,4,Lesotho
2020-07,604,13,144,Lesotho
2020-08,1085,31,528,Lesotho
2020-09,1595,36,873,Lesotho
2020-10,1953,44,975,Lesotho
2020-11,2109,44,1278,Lesotho
2020-12,3094,51,1480,Lesotho
2021-01,8664,172,2552,Lesotho
2021-02,10491,292,3745,Lesotho
2021-03,10706,315,4471,Lesotho
2021-04,10731,316,6267,Lesotho
2021-05,10825,326,6434,Lesotho
2020-03,243,15,52,Albania
2020-04,773,31,470,Albania
2020-05,1137,33,872,Albania
2020-06,2535,62,1459,Albania
2020-07,5276,157,2952,Albania
2020-08,9513,284,5214,Albania
2020-09,13649,387,7847,Albania
2020-10,20875,509,11189,Albania
2020-11,38182,810,18849,Albania
2020-12,58316,1181,33634,Albania
2021-01,78127,1380,47424,Albania
2021-02,107167,1796,69773,Albania
2021-03,125157,2235,91271,Albania
2021-04,131085,2394,109338,Albania
2021-05,132297,2449,129215,Albania
2020-03,57,0,0,Madagascar
2020-04,128,0,92,Madagascar
2020-05,771,6,168,Madagascar
2020-06,2214,20,994,Madagascar
2020-07,10868,106,7807,Madagascar
2020-08,14863,192,13832,Madagascar
2020-09,16408,230,15301,Madagascar
2020-10,17111,244,16409,Madagascar
2020-11,17341,251,16657,Madagascar
2020-12,17714,261,17228,Madagascar
2021-01,19065,281,18215,Madagascar
2021-02,19831,297,19296,Madagascar
2021-03,24426,418,21908,Madagascar
2021-04,37014,643,31570,Madagascar
2021-05,41234,829,40176,Madagascar
2020-01,1,0,0,Finland
2020-02,3,0,1,Finland
2020-03,1418,17,10,Finland
2020-04,4995,211,3000,Finland
2020-05,6859,320,5500,Finland
2020-06,7214,328,6600,Finland
2020-07,7432,329,6950,Finland
2020-08,8086,336,7200,Finland
2020-09,9992,345,8100,Finland
2020-10,16113,358,11300,Finland
2020-11,24912,399,16800,Finland
2020-12,36107,561,29000,Finland
2021-01,45238,671,31000,Finland
2021-02,57672,742,46000,Finland
2021-03,77452,844,46000,Finland
2021-04,86808,914,46000,Finland
2021-05,92244,948,46000,Finland
2020-03,161,5,31,Ghana
2020-04,2074,17,212,Ghana
2020-05,8070,36,2947,Ghana
2020-06,17741,112,13268,Ghana
2020-07,35501,182,32096,Ghana
2020-08,44298,276,42963,Ghana
2020-09,46626,301,45757,Ghana
2020-10,48055,320,47169,Ghana
2020-11,51667,323,50547,Ghana
2020-12,54771,335,53594,Ghana
2021-01,67010,416,61236,Ghana
2021-02,84023,607,77972,Ghana
2021-03,90583,743,88065,Ghana
2021-04,92562,779,90196,Ghana
2021-05,93775,784,91853,Ghana
2020-03,5,1,0,Nicaragua
2020-04,14,3,7,Nicaragua
2020-05,759,35,370,Nicaragua
2020-06,2519,83,1238,Nicaragua
2020-07,3672,116,2492,Nicaragua
2020-08,4494,137,2913,Nicaragua
2020-09,5170,151,2913,Nicaragua
2020-10,5514,156,4225,Nicaragua
2020-11,5784,160,4225,Nicaragua
2020-12,6046,165,4225,Nicaragua
2021-01,6253,169,4225,Nicaragua
2021-02,6445,173,4225,Nicaragua
2021-03,6677,178,4225,Nicaragua
2021-04,6898,182,4225,Nicaragua
2021-05,7324,186,4225,Nicaragua
2020-03,1,0,0,Guernsey
2020-03,1065,30,394,Peru
2020-04,36976,1051,10405,Peru
2020-05,300384,8489,123377,Peru
2020-06,285213,9677,174535,Peru
2020-07,423331,19791,283915,Peru
2020-08,647166,28788,455457,Peru
2020-09,811768,32396,676925,Peru
2020-10,900180,34411,822316,Peru
2020-11,962530,35923,893061,Peru
2020-12,1015137,37680,951318,Peru
2021-01,1138737,41077,1052050,Peru
2021-02,1326030,46314,1225995,Peru
2021-03,1556124,52201,1468457,Peru
2021-04,1812361,61885,1736183,Peru
2021-05,1954955,69398,1897522,Peru
2020-03,9,0,1,Benin
2020-04,64,1,33,Benin
2020-05,339,3,143,Benin
2020-06,1199,21,333,Benin
2020-07,1805,36,1036,Benin
2020-08,2145,40,1738,Benin
2020-09,2357,41,1973,Benin
2020-10,2643,41,2418,Benin
2020-11,3015,43,2839,Benin
2020-12,3251,44,3061,Benin
2021-01,3893,52,3421,Benin
2021-02,5434,70,4248,Benin
2021-03,7100,90,6452,Benin
2021-04,7821,99,7580,Benin
2021-05,8058,101,7893,Benin
2020-03,1,0,0,Sierra Leone
2020-04,124,7,21,Sierra Leone
2020-05,861,46,454,Sierra Leone
2020-06,1462,60,974,Sierra Leone
2020-07,1823,67,1362,Sierra Leone
2020-08,2022,70,1594,Sierra Leone
2020-09,2231,72,1687,Sierra Leone
2020-10,2366,74,1800,Sierra Leone
2020-11,2412,74,1836,Sierra Leone
2020-12,2611,76,1892,Sierra Leone
2021-01,3593,79,2282,Sierra Leone
2021-02,3887,79,2621,Sierra Leone
2021-03,3980,79,2812,Sierra Leone
2021-04,4054,79,3076,Sierra Leone
2021-05,4141,79,3131,Sierra Leone
2020-01,0,0,0,China
2020-02,0,0,0,China
2020-03,0,0,0,China
2020-01,1,0,0,India
2020-02,3,0,3,India
2020-03,1397,35,123,India
2020-04,34863,1154,9068,India
2020-05,190609,5408,91852,India
2020-06,864011,25150,482651,India
2020-07,1702820,36511,1094374,India
2020-08,3691436,65288,2839882,India
2020-09,6312584,98678,5273201,India
2020-10,8184082,122111,7491513,India
2020-11,9462809,137621,8889585,India
2020-12,10266674,148738,9860280,India
2021-01,10757610,154392,10434983,India
2021-02,11112241,157157,10786452,India
2021-03,12221665,162927,11474683,India
2021-04,19164969,211853,15684406,India
2021-05,27894800,325972,25454320,India
2020-03,1,0,0,Curacao
2020-03,14,0,1,Bahamas
2020-04,81,11,25,Bahamas
2020-05,102,11,48,Bahamas
2020-06,104,11,87,Bahamas
2020-07,574,14,91,Bahamas
2020-08,2217,50,801,Bahamas
2020-09,4123,96,2206,Bahamas
2020-10,6714,144,4422,Bahamas
2020-11,7541,163,5889,Bahamas
2020-12,7871,170,6230,Bahamas
2021-01,8174,176,6771,Bahamas
2021-02,8519,179,7309,Bahamas
2021-03,9119,188,8597,Bahamas
2021-04,10453,199,9494,Bahamas
2021-05,11745,229,10642,Bahamas
2020-02,1,0,0,Belarus
2020-03,152,1,47,Belarus
2020-04,14027,89,2386,Belarus
2020-05,42556,235,18514,Belarus
2020-06,62118,392,46054,Belarus
2020-07,67808,559,62444,Belarus
2020-08,71843,681,70468,Belarus
2020-09,78631,833,74525,Belarus
2020-10,98482,980,86663,Belarus
2020-11,136647,1158,114341,Belarus
2020-12,194284,1424,175147,Belarus
2021-01,248336,1718,235838,Belarus
2021-02,287306,1976,277995,Belarus
2021-03,321807,2247,312320,Belarus
2021-04,358738,2542,349013,Belarus
2021-05,392629,2831,383380,Belarus
2020-02,45,0,0,Kuwait
2020-03,289,0,73,Kuwait
2020-04,4024,26,1539,Kuwait
2020-05,27043,212,11386,Kuwait
2020-06,46195,354,37030,Kuwait
2020-07,66957,447,57932,Kuwait
2020-08,85109,531,77224,Kuwait
2020-09,105182,610,96688,Kuwait
2020-10,125926,779,116862,Kuwait
2020-11,142635,880,137071,Kuwait
2020-12,150584,934,146517,Kuwait
2021-01,165257,959,157931,Kuwait
2021-02,190852,1083,179209,Kuwait
2021-03,232103,1313,216580,Kuwait
2021-04,273991,1563,257261,Kuwait
2021-05,306717,1764,291521,Kuwait
2020-03,169,0,2,Malta
2020-04,465,4,351,Malta
2020-05,618,9,534,Malta
2020-06,670,9,640,Malta
2020-07,824,9,665,Malta
2020-08,1883,12,1400,Malta
2020-09,3058,35,2562,Malta
2020-10,6042,62,4155,Malta
2020-11,9873,137,7665,Malta
2020-12,12774,219,11121,Malta
2021-01,17903,267,14960,Malta
2021-02,22482,315,19447,Malta
2021-03,29033,392,27812,Malta
2021-04,30292,413,29548,Malta
2021-05,30529,419,30043,Malta
2020-03,1,0,0,Timor-Leste
2020-04,24,0,16,Timor-Leste
2020-05,24,0,24,Timor-Leste
2020-06,24,0,24,Timor-Leste
2020-07,24,0,24,Timor-Leste
2020-08,27,0,25,Timor-Leste
2020-09,28,0,28,Timor-Leste
2020-10,30,0,29,Timor-Leste
2020-11,30,0,30,Timor-Leste
2020-12,44,0,35,Timor-Leste
2021-01,70,0,55,Timor-Leste
2021-02,113,0,90,Timor-Leste
2021-03,604,0,189,Timor-Leste
2021-04,2276,3,1209,Timor-Leste
2021-05,6752,16,3915,Timor-Leste
2020-04,14,0,4,Sao Tome and Principe
2020-05,483,12,68,Sao Tome and Principe
2020-06,714,13,236,Sao Tome and Principe
2020-07,871,15,778,Sao Tome and Principe
2020-08,896,15,851,Sao Tome and Principe
2020-09,911,15,886,Sao Tome and Principe
2020-10,945,16,904,Sao Tome and Principe
2020-11,991,17,933,Sao Tome and Principe
2020-12,1014,17,971,Sao Tome and Principe
2021-01,1257,17,1023,Sao Tome and Principe
2021-02,1786,29,1382,Sao Tome and Principe
2021-03,2223,34,2092,Sao Tome and Principe
2021-04,2302,35,2241,Sao Tome and Principe
2021-05,2345,37,2291,Sao Tome and Principe
2020-03,5,0,1,Somalia
2020-04,601,28,31,Somalia
2020-05,1976,78,348,Somalia
2020-06,2924,90,910,Somalia
2020-07,3212,93,1562,Somalia
2020-08,3310,98,2481,Somalia
2020-09,3588,99,2946,Somalia
2020-10,3941,104,3185,Somalia
2020-11,4451,113,3417,Somalia
2020-12,4714,130,3612,Somalia
2021-01,4784,130,3666,Somalia
2021-02,7257,239,3808,Somalia
2021-03,11398,529,4819,Somalia
2021-04,13915,713,5847,Somalia
2021-05,14653,768,6726,Somalia
2020-10,2,0,0,Marshall Islands
2020-11,4,0,1,Marshall Islands
2020-12,4,0,4,Marshall Islands
2021-01,4,0,4,Marshall Islands
2021-02,4,0,4,Marshall Islands
2021-03,4,0,4,Marshall Islands
2021-04,4,0,4,Marshall Islands
2021-05,4,0,4,Marshall Islands
2020-03,2738,12,156,Chile
2020-04,16023,227,8580,Chile
2020-05,149267,1563,64234,Chile
2020-06,279393,6976,473341,Chile
2020-07,355681,9457,328364,Chile
2020-08,411738,11289,383889,Chile
2020-09,462994,12741,436591,Chile
2020-10,510297,14207,486646,Chile
2020-11,551747,15410,526608,Chile
2020-12,610149,16608,577383,Chile
2021-01,727117,18452,681983,Chile
2021-02,824628,20572,780533,Chile
2021-03,995543,23135,931275,Chile
2021-04,1198245,26354,1129351,Chile
2021-05,1369615,29047,1295500,Chile
2020-03,3,0,0,Puerto Rico
2020-04,15,0,0,Tajikistan
2020-05,3930,47,2004,Tajikistan
2020-06,5900,52,4506,Tajikistan
2020-07,7409,60,6193,Tajikistan
2020-08,8583,68,7376,Tajikistan
2020-09,9769,76,8572,Tajikistan
2020-10,11017,82,10233,Tajikistan
2020-11,12194,86,11599,Tajikistan
2020-12,13296,90,12851,Tajikistan
2021-01,13308,90,13218,Tajikistan
2021-02,13308,90,13218,Tajikistan
2021-03,13308,90,13218,Tajikistan
2021-04,13308,90,13218,Tajikistan
2021-05,13308,90,13218,Tajikistan
2020-03,32,1,0,Martinique
2020-03,1,0,0,Cayman Islands
2020-02,6,0,0,Croatia
2020-03,867,6,67,Croatia
2020-04,2076,69,1348,Croatia
2020-05,2246,103,2072,Croatia
2020-06,2777,107,2155,Croatia
2020-07,5139,145,4267,Croatia
2020-08,10269,186,7434,Croatia
2020-09,16593,280,15057,Croatia
2020-10,49316,546,32818,Croatia
2020-11,128442,1786,105199,Croatia
2020-12,210837,3920,198018,Croatia
2021-01,232426,5027,224476,Croatia
2021-02,242973,5526,234234,Croatia
2021-03,271632,5947,254379,Croatia
2021-04,332183,7081,310595,Croatia
2021-05,355955,8002,345396,Croatia
2020-03,2,0,0,Burundi
2020-04,11,1,4,Burundi
2020-05,63,1,33,Burundi
2020-06,170,1,115,Burundi
2020-07,387,1,304,Burundi
2020-08,445,1,357,Burundi
2020-09,508,1,472,Burundi
2020-10,585,1,511,Burundi
2020-11,688,1,575,Burundi
2020-12,818,2,687,Burundi
2021-01,1632,2,773,Burundi
2021-02,2209,3,773,Burundi
2021-03,2810,6,773,Burundi
2021-04,3995,6,773,Burundi
2021-05,4715,6,773,Burundi
2020-02,1,0,0,Nigeria
2020-03,135,2,8,Nigeria
2020-04,1932,58,319,Nigeria
2020-05,10162,287,3007,Nigeria
2020-06,25694,590,9746,Nigeria
2020-07,43151,879,19565,Nigeria
2020-08,54008,1013,41638,Nigeria
2020-09,58848,1112,50358,Nigeria
2020-10,62853,1144,58675,Nigeria
2020-11,67557,1173,63282,Nigeria
2020-12,87607,1289,73713,Nigeria
2021-01,131242,1586,104989,Nigeria
2021-02,155657,1907,133768,Nigeria
2021-03,162891,2057,151648,Nigeria
2021-04,165110,2063,155101,Nigeria
2021-05,166285,2071,156557,Nigeria
2020-03,376,12,10,Andorra
2020-04,745,42,468,Andorra
2020-05,764,51,694,Andorra
2020-06,855,52,799,Andorra
2020-07,925,52,807,Andorra
2020-08,1176,53,908,Andorra
2020-09,2050,53,1432,Andorra
2020-10,4756,75,3475,Andorra
2020-11,6745,76,5873,Andorra
2020-12,8049,84,7432,Andorra
2021-01,9937,101,9093,Andorra
2021-02,10866,110,10446,Andorra
2021-03,12010,115,11315,Andorra
2021-04,13232,125,12684,Andorra
2021-05,13693,127,13416,Andorra
2020-03,107,6,0,Bolivia
2020-04,1110,59,117,Bolivia
2020-05,9982,313,968,Bolivia
2020-06,33219,1123,9340,Bolivia
2020-07,76789,2977,23582,Bolivia
2020-08,116598,5027,60408,Bolivia
2020-09,135311,7965,95529,Bolivia
2020-10,141757,8725,111503,Bolivia
2020-11,144708,8957,121702,Bolivia
2020-12,160124,9165,132097,Bolivia
2021-01,216835,10379,159222,Bolivia
2021-02,249010,11649,193032,Bolivia
2021-03,272411,12257,221962,Bolivia
2021-04,303732,12951,250380,Bolivia
2021-05,366714,14435,291325,Bolivia
2020-03,16,1,0,Gabon
2020-04,276,3,67,Gabon
2020-05,2655,17,722,Gabon
2020-06,5394,42,2420,Gabon
2020-07,7352,49,4943,Gabon
2020-08,8533,53,7264,Gabon
2020-09,8766,54,8005,Gabon
2020-10,8968,55,8698,Gabon
2020-11,9214,60,9066,Gabon
2020-12,9571,64,9388,Gabon
2021-01,10748,68,10260,Gabon
2021-02,14564,83,13143,Gabon
2021-03,19550,118,16609,Gabon
2021-04,23075,139,19629,Gabon
2021-05,24365,150,21791,Gabon
2020-01,2,0,0,Italy
2020-02,1128,29,46,Italy
2020-03,105792,12428,15729,Italy
2020-04,205463,27967,75945,Italy
2020-05,455116,64531,270241,Italy
2020-06,241112,34831,190257,Italy
2020-07,247537,35142,199975,Italy
2020-08,269214,35483,208632,Italy
2020-09,314861,35894,227704,Italy
2020-10,679430,38618,289426,Italy
2020-11,1601554,55576,757507,Italy
2020-12,2107166,74159,1463754,Italy
2021-01,2553032,88516,2010548,Italy
2021-02,2925265,97699,2405199,Italy
2021-03,3584899,109346,2913045,Italy
2021-04,4022653,120807,3465576,Italy
2021-05,4213055,126002,3845087,Italy
2020-03,9,0,0,Suriname
2020-04,10,1,8,Suriname
2020-05,23,1,9,Suriname
2020-06,515,13,227,Suriname
2020-07,1650,26,1080,Suriname
2020-08,4034,71,3140,Suriname
2020-09,4877,104,4695,Suriname
2020-10,5203,111,5060,Suriname
2020-11,5312,117,5194,Suriname
2020-12,6210,122,5731,Suriname
2021-01,8438,154,7671,Suriname
2021-02,8929,172,8406,Suriname
2021-03,9122,177,8598,Suriname
2021-04,10363,204,9336,Suriname
2021-05,14515,288,11459,Suriname
2020-02,1,0,0,Lithuania
2020-03,468,4,1,Lithuania
2020-04,1375,32,577,Lithuania
2020-05,1667,54,1279,Lithuania
2020-06,1812,61,1525,Lithuania
2020-07,2069,63,1655,Lithuania
2020-08,2900,69,1964,Lithuania
2020-09,4688,77,2845,Lithuania
2020-10,14815,152,5485,Lithuania
2020-11,61311,620,28028,Lithuania
2020-12,141955,1796,96800,Lithuania
2021-01,182543,2808,162392,Lithuania
2021-02,199145,3244,184785,Lithuania
2021-03,216119,3574,199023,Lithuania
2021-04,247269,3923,222436,Lithuania
2021-05,273866,4245,254322,Lithuania
2020-02,15,0,0,Norway
2020-03,4641,39,13,Norway
2020-04,7738,210,32,Norway
2020-05,8440,236,7727,Norway
2020-06,8879,250,8138,Norway
2020-07,9240,255,8752,Norway
2020-08,10782,264,9348,Norway
2020-09,14027,274,11190,Norway
2020-10,20331,282,11863,Norway
2020-11,36150,332,17998,Norway
2020-12,49567,436,17998,Norway
2021-01,62966,564,17998,Norway
2021-02,71006,622,17998,Norway
2021-03,96079,673,17998,Norway
2021-04,112970,756,17998,Norway
2021-05,124655,783,17998,Norway
2020-02,45,0,2,Spain
2020-03,95923,8464,19259,Spain
2020-04,236899,24543,132929,Spain
2020-05,468456,55889,441575,Spain
2020-06,249276,28622,150376,Spain
2020-07,288522,28449,150376,Spain
2020-08,462858,29094,150376,Spain
2020-09,769188,31791,150376,Spain
2020-10,1185678,35878,150376,Spain
2020-11,1648187,45069,150376,Spain
2020-12,1928265,50837,150376,Spain
2021-01,2743119,58319,150376,Spain
2021-02,3188553,69142,150376,Spain
2021-03,3330191,75487,150376,Spain
2021-04,3524077,78216,150376,Spain
2021-05,3668658,79908,150376,Spain
2020-03,186,6,8,Cuba
2020-04,1501,61,681,Cuba
2020-05,2045,83,1809,Cuba
2020-06,2341,86,2214,Cuba
2020-07,2608,87,2355,Cuba
2020-08,4032,94,3378,Cuba
2020-09,5597,122,4893,Cuba
2020-10,6887,128,6245,Cuba
2020-11,8284,135,7631,Cuba
2020-12,11863,146,10125,Cuba
2021-01,26686,214,20863,Cuba
2021-02,49779,322,45242,Cuba
2021-03,75263,424,70614,Cuba
2021-04,106707,644,100603,Cuba
2021-05,140087,943,132910,Cuba
2020-03,6,1,2,Mauritania
2020-04,8,1,6,Mauritania
2020-05,530,23,27,Mauritania
2020-06,4363,129,1622,Mauritania
2020-07,6310,157,4962,Mauritania
2020-08,7048,159,6464,Mauritania
2020-09,7502,161,7120,Mauritania
2020-10,7703,163,7433,Mauritania
2020-11,8601,177,7732,Mauritania
2020-12,14364,347,11380,Mauritania
2021-01,16635,422,15676,Mauritania
2021-02,17207,441,16563,Mauritania
2021-03,17847,449,17093,Mauritania
2021-04,18402,455,17687,Mauritania
2021-05,19463,463,18431,Mauritania
2020-03,53,0,0,Guadeloupe
2020-02,3,0,0,Denmark
2020-03,4365,103,78,Denmark
2020-04,9356,452,6741,Denmark
2020-05,11869,574,10560,Denmark
2020-06,12968,605,11849,Denmark
2020-07,14028,615,12780,Denmark
2020-08,17410,624,15593,Denmark
2020-09,28479,650,21197,Denmark
2020-10,46863,721,35020,Denmark
2020-11,81002,837,64031,Denmark
2020-12,164116,1298,127844,Denmark
2021-01,199156,2126,187996,Denmark
2021-02,211883,2362,202868,Denmark
2021-03,231295,2420,219676,Denmark
2021-04,251249,2484,238450,Denmark
2021-05,280183,2517,264320,Denmark
2020-03,3,0,0,Central African Republic
2020-04,50,0,10,Central African Republic
2020-05,1011,2,23,Central African Republic
2020-06,3745,47,787,Central African Republic
2020-07,4608,59,1606,Central African Republic
2020-08,4711,62,1790,Central African Republic
2020-09,4829,62,1914,Central African Republic
2020-10,4866,62,1924,Central African Republic
2020-11,4913,63,1924,Central African Republic
2020-12,4963,63,1924,Central African Republic
2021-01,4981,63,4885,Central African Republic
2021-02,5004,63,4920,Central African Republic
2021-03,5161,67,4957,Central African Republic
2021-04,6411,88,5112,Central African Republic
2021-05,7085,98,6665,Central African Republic
2020-03,27,3,0,Niger
2020-04,719,32,452,Niger
2020-05,958,64,839,Niger
2020-06,1075,67,943,Niger
2020-07,1136,69,1028,Niger
2020-08,1176,69,1088,Niger
2020-09,1197,69,1114,Niger
2020-10,1220,69,1137,Niger
2020-11,1548,72,1210,Niger
2020-12,3323,104,1825,Niger
2021-01,4517,159,3755,Niger
2021-02,4740,172,4250,Niger
2021-03,5001,186,4590,Niger
2021-04,5228,191,4851,Niger
2021-05,5410,192,5083,Niger
2020-03,51,5,25,Bangladesh
2020-04,7667,168,160,Bangladesh
2020-05,47153,650,9781,Bangladesh
2020-06,145483,1847,59624,Bangladesh
2020-07,237661,3111,135136,Bangladesh
2020-08,312996,4281,204887,Bangladesh
2020-09,363479,5251,275487,Bangladesh
2020-10,407684,5923,324145,Bangladesh
2020-11,464932,6644,380711,Bangladesh
2020-12,513510,7559,457459,Bangladesh
2021-01,535139,8127,479744,Bangladesh
2021-02,546216,8408,496924,Bangladesh
2021-03,611295,9046,542099,Bangladesh
2021-04,759132,11450,681426,Bangladesh
2021-05,797386,12549,737408,Bangladesh
2020-03,34,0,0,Barbados
2020-04,81,7,39,Barbados
2020-05,92,7,76,Barbados
2020-06,97,7,90,Barbados
2020-07,110,7,96,Barbados
2020-08,174,7,146,Barbados
2020-09,190,7,179,Barbados
2020-10,237,7,221,Barbados
2020-11,276,7,250,Barbados
2020-12,383,7,319,Barbados
2021-01,1545,14,1158,Barbados
2021-02,3068,33,2407,Barbados
2021-03,3652,42,3465,Barbados
2021-04,3855,44,3768,Barbados
2021-05,4012,47,3922,Barbados
2020-01,7,0,0,US
2020-02,106,1,7,US
2020-03,189088,3931,7226,US
2020-04,1070403,63358,153947,US
2020-05,1791798,104656,444758,US
2020-06,2646850,127328,720636,US
2020-07,4576721,153454,1438160,US
2020-08,6045000,183763,2184825,US
2020-09,7257599,207142,2840688,US
2020-10,9193017,231441,3612478,US
2020-11,13689953,271020,5146319,US
2020-12,20099363,352163,6399531,US
2021-01,26247053,449449,0,US
2021-02,28648744,515260,0,US
2021-03,30462210,552661,0,US
2021-04,32348056,576539,0,US
2021-05,33251939,594344,0,US
2020-02,593,43,123,Iran
2020-03,44605,2898,14656,Iran
2020-04,94640,6028,75103,Iran
2020-05,151466,7797,118848,Iran
2020-06,227662,10817,188758,Iran
2020-07,304204,16766,263519,Iran
2020-08,375212,21571,323233,Iran
2020-09,457219,26169,380956,Iran
2020-10,612772,34864,481930,Iran
2020-11,962070,48246,668151,Iran
2020-12,1225142,55223,988833,Iran
2021-01,1417999,57959,1210051,Iran
2021-02,1631169,60073,1393125,Iran
2021-03,1885564,62665,1617333,Iran
2021-04,2499077,71758,1954321,Iran
2021-05,2893218,79741,2425033,Iran
2020-02,1,0,0,Ireland
2020-03,3235,71,5,Ireland
2020-04,20612,1232,13386,Ireland
2020-05,24990,1652,22089,Ireland
2020-06,25473,1736,23364,Ireland
2020-07,26065,1764,23364,Ireland
2020-08,28811,1777,23364,Ireland
2020-09,36155,1804,23364,Ireland
2020-10,61456,1913,23364,Ireland
2020-11,72544,2053,23364,Ireland
2020-12,91779,2237,23364,Ireland
2021-01,196547,3307,23364,Ireland
2021-02,219592,4319,23364,Ireland
2021-03,235854,4687,23364,Ireland
2021-04,248870,4903,23364,Ireland
2021-05,254870,4941,23364,Ireland
2020-03,68,0,0,Liechtenstein
2020-04,82,1,55,Liechtenstein
2020-05,82,1,55,Liechtenstein
2020-06,86,2,81,Liechtenstein
2020-07,88,1,85,Liechtenstein
2020-08,107,1,97,Liechtenstein
2020-09,118,1,113,Liechtenstein
2020-10,533,3,347,Liechtenstein
2020-11,1270,16,1088,Liechtenstein
2020-12,2136,39,1810,Liechtenstein
2021-01,2493,52,2352,Liechtenstein
2021-02,2567,54,2484,Liechtenstein
2021-03,2670,56,2568,Liechtenstein
2021-04,2926,57,2792,Liechtenstein
2021-05,3008,58,2929,Liechtenstein
2020-01,19,0,8,Thailand
2020-02,42,0,28,Thailand
2020-03,1651,10,342,Thailand
2020-04,2954,54,2687,Thailand
2020-05,3081,57,2963,Thailand
2020-06,3171,58,3056,Thailand
2020-07,3310,58,3125,Thailand
2020-08,3412,58,3252,Thailand
2020-09,3569,59,3379,Thailand
2020-10,3784,59,3592,Thailand
2020-11,4008,60,3811,Thailand
2020-12,7163,63,4273,Thailand
2021-01,19618,77,12514,Thailand
2021-02,26031,83,25324,Thailand
2021-03,28863,94,26873,Thailand
2021-04,65153,203,26873,Thailand
2021-05,151842,988,26873,Thailand
2020-03,9,0,0,Laos
2020-04,19,0,8,Laos
2020-05,19,0,16,Laos
2020-06,19,0,19,Laos
2020-07,20,0,19,Laos
2020-08,22,0,21,Laos
2020-09,23,0,22,Laos
2020-10,24,0,22,Laos
2020-11,39,0,26,Laos
2020-12,41,0,40,Laos
2021-01,44,0,41,Laos
2021-02,45,0,42,Laos
2021-03,49,0,45,Laos
2021-04,757,0,51,Laos
2021-05,1908,3,1402,Laos
2020-03,4,0,0,Bhutan
2020-04,7,0,5,Bhutan
2020-05,43,0,6,Bhutan
2020-06,77,0,48,Bhutan
2020-07,101,0,89,Bhutan
2020-08,225,0,142,Bhutan
2020-09,282,0,222,Bhutan
2020-10,349,0,324,Bhutan
2020-11,410,0,381,Bhutan
2020-12,670,0,448,Bhutan
2021-01,859,1,814,Bhutan
2021-02,867,1,865,Bhutan
2021-03,873,1,869,Bhutan
2021-04,1074,1,961,Bhutan
2021-05,1603,1,1241,Bhutan
2020-03,98,8,2,Democratic Republic of the Congo
2020-04,572,31,73,Democratic Republic of the Congo
2020-05,3070,72,448,Democratic Republic of the Congo
2020-06,7039,170,1426,Democratic Republic of the Congo
2020-07,9070,215,6796,Democratic Republic of the Congo
2020-08,10097,258,9133,Democratic Republic of the Congo
2020-09,10659,272,10139,Democratic Republic of the Congo
2020-10,11306,307,10585,Democratic Republic of the Congo
2020-11,12772,333,11585,Democratic Republic of the Congo
2020-12,17658,591,14701,Democratic Republic of the Congo
2021-01,22771,671,15031,Democratic Republic of the Congo
2021-02,25913,707,18951,Democratic Republic of the Congo
2021-03,28142,743,25444,Democratic Republic of the Congo
2021-04,29853,766,26219,Democratic Republic of the Congo
2021-05,31416,782,27665,Democratic Republic of the Congo
2020-02,1,0,0,Monaco
2020-03,52,1,2,Monaco
2020-04,95,4,64,Monaco
2020-05,99,4,90,Monaco
2020-06,103,4,95,Monaco
2020-07,120,4,105,Monaco
2020-08,154,4,116,Monaco
2020-09,218,4,181,Monaco
2020-10,359,2,273,Monaco
2020-11,609,3,556,Monaco
2020-12,875,3,708,Monaco
2021-01,1489,13,1257,Monaco
2021-02,1956,24,1710,Monaco
2021-03,2288,28,2115,Monaco
2021-04,2454,32,2368,Monaco
2021-05,2503,32,2463,Monaco
2020-03,617,36,24,Morocco
2020-04,4423,170,984,Morocco
2020-05,7807,205,5459,Morocco
2020-06,12533,228,8920,Morocco
2020-07,24322,353,17658,Morocco
2020-08,62590,1141,47595,Morocco
2020-09,123653,2194,102715,Morocco
2020-10,219084,3695,181275,Morocco
2020-11,356336,5846,305291,Morocco
2020-12,439193,7388,407504,Morocco
2021-01,471157,8275,449160,Morocco
2021-02,483654,8623,469046,Morocco
2021-03,496097,8818,483363,Morocco
2021-04,511249,9023,497621,Morocco
2021-05,518868,9138,506740,Morocco
2020-03,1181,30,9,Panama
2020-04,6532,188,576,Panama
2020-05,13463,336,9514,Panama
2020-06,33550,631,15745,Panama
2020-07,65256,1421,39166,Panama
2020-08,92982,2002,66173,Panama
2020-09,112595,2372,89061,Panama
2020-10,133598,2700,110552,Panama
2020-11,165806,3079,144462,Panama
2020-12,246790,4022,195138,Panama
2021-01,320379,5270,276417,Panama
2021-02,340915,5845,326213,Panama
2021-03,355051,6114,343904,Panama
2021-04,364576,6232,354385,Panama
2021-05,377428,6369,364783,Panama
2020-03,6,1,0,Cape Verde
2020-04,121,1,4,Cape Verde
2020-05,435,4,193,Cape Verde
2020-06,1227,15,629,Cape Verde
2020-07,2451,23,1824,Cape Verde
2020-08,3884,40,2916,Cape Verde
2020-09,6024,60,5277,Cape Verde
2020-10,8793,95,7981,Cape Verde
2020-11,10761,105,10329,Cape Verde
2020-12,11840,113,11559,Cape Verde
2021-01,14070,134,13144,Cape Verde
2021-02,15400,147,14814,Cape Verde
2021-03,17470,168,16277,Cape Verde
2021-04,23882,217,20565,Cape Verde
2021-05,30273,263,28320,Cape Verde
2020-01,12,0,0,Hong Kong
2020-02,95,2,33,Hong Kong
2020-03,714,4,128,Hong Kong
2020-04,1037,4,846,Hong Kong
2020-05,1084,4,1037,Hong Kong
2020-06,1205,7,1107,Hong Kong
2020-07,3272,27,1751,Hong Kong
2020-08,4810,89,4342,Hong Kong
2020-09,5087,105,4827,Hong Kong
2020-10,5323,105,5089,Hong Kong
2020-11,6314,109,5344,Hong Kong
2020-12,8846,148,7813,Hong Kong
2021-01,10452,181,9423,Hong Kong
2021-02,11005,199,10536,Hong Kong
2021-03,11467,205,11095,Hong Kong
2021-04,11774,209,11416,Hong Kong
2021-05,11837,210,11571,Hong Kong
2020-03,645,17,10,Ukraine
2020-04,10406,261,1238,Ukraine
2020-05,23672,708,9538,Ukraine
2020-06,45254,1173,19792,Ukraine
2020-07,71404,1717,39945,Ukraine
2020-08,124132,2605,59162,Ukraine
2020-09,214446,4221,95829,Ukraine
2020-10,399330,7399,165902,Ukraine
2020-11,752343,12731,360360,Ukraine
2020-12,1086997,19281,736611,Ukraine
2021-01,1261546,23860,1054177,Ukraine
2021-02,1395528,27404,1212795,Ukraine
2021-03,1725029,34456,1360944,Ukraine
2021-04,2124070,45923,1705967,Ukraine
2021-05,2257904,52414,2084477,Ukraine
2020-03,135,3,39,Venezuela
2020-04,333,16,142,Venezuela
2020-05,1510,14,302,Venezuela
2020-06,5832,51,1649,Venezuela
2020-07,18574,164,10421,Venezuela
2020-08,46728,386,38112,Venezuela
2020-09,75122,628,65225,Venezuela
2020-10,92013,798,86773,Venezuela
2020-11,102394,897,97326,Venezuela
2020-12,113558,1028,107583,Venezuela
2021-01,126927,1189,118887,Venezuela
2021-02,139116,1344,130834,Venezuela
2021-03,160497,1602,147846,Venezuela
2021-04,197683,2136,179200,Venezuela
2021-05,231443,2615,213365,Venezuela
2020-02,7,0,0,Israel
2020-03,5717,21,210,Israel
2020-04,15896,225,8924,Israel
2020-05,17079,287,14675,Israel
2020-06,25438,327,16735,Israel
2020-07,71734,564,47225,Israel
2020-08,116906,953,94369,Israel
2020-09,247411,1604,177829,Israel
2020-10,314349,2561,299869,Israel
2020-11,337191,2872,323681,Israel
2020-12,423262,3325,376322,Israel
2021-01,643435,4796,572511,Israel
2021-02,775807,5752,733184,Israel
2021-03,833105,6209,819665,Israel
2021-04,838481,6363,830625,Israel
2021-05,839453,6407,832539,Israel
2020-02,1,0,0,Iceland
2020-03,1135,5,198,Iceland
2020-04,1797,10,1670,Iceland
2020-05,1806,10,1794,Iceland
2020-06,1842,10,1819,Iceland
2020-07,1930,10,1907,Iceland
2020-08,2107,10,1997,Iceland
2020-09,2728,10,2167,Iceland
2020-10,4865,12,3873,Iceland
2020-11,5392,26,5179,Iceland
2020-12,5754,29,5578,Iceland
2021-01,6002,29,5930,Iceland
2021-02,6049,29,6006,Iceland
2021-03,6205,29,6058,Iceland
2021-04,6472,29,6253,Iceland
2021-05,6555,29,6476,Iceland
2020-03,3,0,0,Saint Barthelemy
2020-03,1,0,0,Channel Islands
2020-03,8,0,0,Saint Kitts and Nevis
2020-04,15,0,6,Saint Kitts and Nevis
2020-05,15,0,15,Saint Kitts and Nevis
2020-06,15,0,15,Saint Kitts and Nevis
2020-07,17,0,16,Saint Kitts and Nevis
2020-08,17,0,17,Saint Kitts and Nevis
2020-09,19,0,17,Saint Kitts and Nevis
2020-10,19,0,19,Saint Kitts and Nevis
2020-11,22,0,19,Saint Kitts and Nevis
2020-12,32,0,29,Saint Kitts and Nevis
2021-01,37,0,35,Saint Kitts and Nevis
2021-02,41,0,40,Saint Kitts and Nevis
2021-03,44,0,43,Saint Kitts and Nevis
2021-04,44,0,44,Saint Kitts and Nevis
2021-05,68,0,45,Saint Kitts and Nevis
2020-02,6,0,1,Oman
2020-03,192,1,34,Oman
2020-04,2348,11,495,Oman
2020-05,11437,49,2682,Oman
2020-06,40070,176,23425,Oman
2020-07,79159,421,61421,Oman
2020-08,85722,685,80810,Oman
2020-09,98585,935,88528,Oman
2020-10,114434,1208,103060,Oman
2020-11,123699,1423,115216,Oman
2020-12,128867,1499,121890,Oman
2021-01,134326,1529,126854,Oman
2021-02,141496,1570,132459,Oman
2021-03,159218,1678,143966,Oman
2021-04,193253,2010,173123,Oman
2021-05,213784,2303,197080,Oman
2020-01,11,0,0,South Korea
2020-02,3150,16,27,South Korea
2020-03,9786,162,5408,South Korea
2020-04,10774,248,9072,South Korea
2020-05,11503,271,10422,South Korea
2020-06,12850,282,11613,South Korea
2020-07,14336,301,13233,South Korea
2020-08,20182,324,15198,South Korea
2020-09,23889,415,21666,South Korea
2020-10,26635,466,24357,South Korea
2020-11,34652,526,27885,South Korea
2020-12,61769,917,42953,South Korea
2021-01,78508,1425,68309,South Korea
2021-02,90031,1605,81070,South Korea
2021-03,103639,1735,95439,South Korea
2021-04,122634,1831,112337,South Korea
2021-05,139910,1957,130381,South Korea
2020-03,1,0,1,Gibraltar
2020-03,25,0,0,Palestine
2020-03,262,8,23,Cyprus
2020-04,850,15,296,Cyprus
2020-05,944,17,790,Cyprus
2020-06,998,19,833,Cyprus
2020-07,1114,19,852,Cyprus
2020-08,1488,20,1139,Cyprus
2020-09,1755,22,1369,Cyprus
2020-10,4366,26,1882,Cyprus
2020-11,10565,49,2057,Cyprus
2020-12,22019,119,2057,Cyprus
2021-01,30876,199,2057,Cyprus
2021-02,34707,231,2057,Cyprus
2021-03,45864,256,2057,Cyprus
2021-04,65233,308,39061,Cyprus
2021-05,72363,360,39061,Cyprus
2020-03,338,1,41,Uruguay
2020-04,643,17,417,Uruguay
2020-05,823,22,685,Uruguay
2020-06,936,27,824,Uruguay
2020-07,1264,35,994,Uruguay
2020-08,1595,44,1409,Uruguay
2020-09,2046,48,1791,Uruguay
2020-10,3124,58,2560,Uruguay
2020-11,5857,77,4357,Uruguay
2020-12,19119,181,13468,Uruguay
2021-01,41738,436,34683,Uruguay
2021-02,57994,608,50039,Uruguay
2021-03,105549,974,83380,Uruguay
2021-04,198428,2616,167823,Uruguay
2021-05,288172,4176,246321,Uruguay
2020-01,0,0,0,Mexico
2020-02,4,0,0,Mexico
2020-03,1094,28,35,Mexico
2020-04,19224,1859,11423,Mexico
2020-05,145010,15596,101097,Mexico
2020-06,226089,27769,174538,Mexico
2020-07,424637,46688,327141,Mexico
2020-08,599560,64414,496222,Mexico
2020-09,743216,77646,628051,Mexico
2020-10,925500,91928,779775,Mexico
2020-11,1113960,110222,1647941,Mexico
2020-12,1426094,125807,1074795,Mexico
2021-01,1864260,158536,1412393,Mexico
2021-02,2086938,185715,1633900,Mexico
2021-03,2238887,203210,1773236,Mexico
2021-04,2344755,216907,1864914,Mexico
2021-05,2411548,223455,1924865,Mexico
2020-03,4,0,0,Aruba
2020-02,1,0,0,Georgia
2020-03,110,0,21,Georgia
2020-04,539,6,184,Georgia
2020-05,783,12,605,Georgia
2020-06,928,15,794,Georgia
2020-07,1168,17,940,Georgia
2020-08,1487,19,1240,Georgia
2020-09,6192,39,3120,Georgia
2020-10,38936,307,22691,Georgia
2020-11,135584,1267,113986,Georgia
2020-12,227420,2505,211727,Georgia
2021-01,258111,3178,249028,Georgia
2021-02,270758,3510,265114,Georgia
2021-03,281761,3778,273167,Georgia
2021-04,310310,4110,290767,Georgia
2021-05,342880,4739,325016,Georgia
2020-02,1,0,0,Estonia
2020-03,745,4,26,Estonia
2020-04,1689,52,249,Estonia
2020-05,1869,68,1624,Estonia
2020-06,1989,69,1829,Estonia
2020-07,2064,69,1930,Estonia
2020-08,2375,69,2088,Estonia
2020-09,3371,64,2605,Estonia
2020-10,4905,73,3811,Estonia
2020-11,12308,118,7078,Estonia
2020-12,27990,229,18326,Estonia
2021-01,44208,419,33738,Estonia
2021-02,65600,589,49908,Estonia
2021-03,106424,902,81859,Estonia
2021-04,122019,1161,111274,Estonia
2021-05,129424,1250,122918,Estonia
2020-03,109,2,0,Montenegro
2020-04,322,7,214,Montenegro
2020-05,324,9,315,Montenegro
2020-06,548,12,315,Montenegro
2020-07,3073,48,1005,Montenegro
2020-08,4835,100,4021,Montenegro
2020-09,10772,169,7192,Montenegro
2020-10,18341,301,14084,Montenegro
2020-11,35265,499,24131,Montenegro
2020-12,48247,682,38580,Montenegro
2021-01,61659,805,53527,Montenegro
2021-02,75834,1003,66226,Montenegro
2021-03,91218,1274,83498,Montenegro
2021-04,97389,1495,93531,Montenegro
2021-05,99566,1583,97090,Montenegro
2020-03,8,1,0,Zimbabwe
2020-04,40,4,5,Zimbabwe
2020-05,178,4,29,Zimbabwe
2020-06,591,7,162,Zimbabwe
2020-07,3169,67,1004,Zimbabwe
2020-08,6497,202,5221,Zimbabwe
2020-09,7838,228,6303,Zimbabwe
2020-10,8367,243,7894,Zimbabwe
2020-11,9950,276,8482,Zimbabwe
2020-12,13867,363,11250,Zimbabwe
2021-01,33388,1217,26044,Zimbabwe
2021-02,36089,1463,32666,Zimbabwe
2021-03,36882,1523,34686,Zimbabwe
2021-04,38257,1567,35612,Zimbabwe
2021-05,38933,1594,36578,Zimbabwe
2020-03,1528,136,81,Indonesia
2020-04,10118,792,1522,Indonesia
2020-05,26473,1613,7308,Indonesia
2020-06,56385,2876,24806,Indonesia
2020-07,108376,5131,65907,Indonesia
2020-08,174796,7417,125959,Indonesia
2020-09,287008,10740,214947,Indonesia
2020-10,410088,13869,337801,Indonesia
2020-11,538883,16945,450518,Indonesia
2020-12,743198,22138,611097,Indonesia
2021-01,1078314,29998,873221,Indonesia
2021-02,1334634,36166,1142703,Indonesia
2021-03,1511712,40858,1348330,Indonesia
2021-04,1668368,45521,1522634,Indonesia
2021-05,1809926,50262,1659974,Indonesia
2020-03,1,0,1,Saint Vincent and the Grenadines
2020-04,16,0,8,Saint Vincent and the Grenadines
2020-05,26,0,15,Saint Vincent and the Grenadines
2020-06,29,0,29,Saint Vincent and the Grenadines
2020-07,54,0,44,Saint Vincent and the Grenadines
2020-08,60,0,57,Saint Vincent and the Grenadines
2020-09,64,0,64,Saint Vincent and the Grenadines
2020-10,74,0,70,Saint Vincent and the Grenadines
2020-11,85,0,79,Saint Vincent and the Grenadines
2020-12,121,0,98,Saint Vincent and the Grenadines
2021-01,901,2,251,Saint Vincent and the Grenadines
2021-02,1556,8,932,Saint Vincent and the Grenadines
2021-03,1748,10,1587,Saint Vincent and the Grenadines
2021-04,1864,11,1715,Saint Vincent and the Grenadines
2021-05,2027,12,1831,Saint Vincent and the Grenadines
2020-03,12,0,2,Mongolia
2020-04,38,0,10,Mongolia
2020-05,179,0,44,Mongolia
2020-06,220,0,176,Mongolia
2020-07,291,0,230,Mongolia
2020-08,304,0,295,Mongolia
2020-09,313,0,307,Mongolia
2020-10,346,0,313,Mongolia
2020-11,801,0,358,Mongolia
2020-12,1220,1,837,Mongolia
2021-01,1814,2,1358,Mongolia
2021-02,2952,2,2299,Mongolia
2021-03,8841,8,5070,Mongolia
2021-04,37285,115,20681,Mongolia
2021-05,56621,268,49320,Mongolia
2020-03,38,1,12,Guatemala
2020-04,599,16,66,Guatemala
2020-05,5087,108,735,Guatemala
2020-06,18096,773,3194,Guatemala
2020-07,49789,1924,36816,Guatemala
2020-08,74074,2760,62068,Guatemala
2020-09,91746,3246,80256,Guatemala
2020-10,107939,3729,97289,Guatemala
2020-11,122062,4171,110944,Guatemala
2020-12,138012,4813,126028,Guatemala
2021-01,159504,5643,144595,Guatemala
2021-02,174542,6393,161511,Guatemala
2021-03,193834,6840,177235,Guatemala
2021-04,227671,7524,202843,Guatemala
2021-05,253837,8121,232359,Guatemala
2020-03,3,0,0,Guam
2020-03,19,0,0,Republic of the Congo
2020-04,220,9,19,Republic of the Congo
2020-05,611,20,179,Republic of the Congo
2020-06,1087,37,456,Republic of the Congo
2020-07,3200,54,829,Republic of the Congo
2020-08,3979,78,1742,Republic of the Congo
2020-09,5089,114,3887,Republic of the Congo
2020-10,5290,92,3887,Republic of the Congo
2020-11,5774,94,4988,Republic of the Congo
2020-12,7107,108,5846,Republic of the Congo
2021-01,7887,117,5846,Republic of the Congo
2021-02,8820,128,7019,Republic of the Congo
2021-03,9681,135,8208,Republic of the Congo
2021-04,10678,144,8208,Republic of the Congo
2021-05,11658,153,8208,Republic of the Congo
2020-03,298,5,26,Azerbaijan
2020-04,1804,24,1325,Azerbaijan
2020-05,5494,63,3428,Azerbaijan
2020-06,17524,213,9715,Azerbaijan
2020-07,31878,448,25882,Azerbaijan
2020-08,36435,534,33847,Azerbaijan
2020-09,40229,591,37954,Azerbaijan
2020-10,55269,730,43543,Azerbaijan
2020-11,121176,1392,74902,Azerbaijan
2020-12,218700,2641,184422,Azerbaijan
2021-01,230219,3132,223315,Azerbaijan
2021-02,234537,3220,228768,Azerbaijan
2021-03,261713,3567,238125,Azerbaijan
2021-04,319109,4517,289460,Azerbaijan
2021-05,333723,4903,323617,Azerbaijan
2020-03,10,0,1,Libya
2020-04,61,3,18,Libya
2020-05,156,5,52,Libya
2020-06,824,24,209,Libya
2020-07,3621,76,618,Libya
2020-08,13966,237,1459,Libya
2020-09,34525,551,19361,Libya
2020-10,61095,857,35030,Libya
2020-11,82809,1183,53818,Libya
2020-12,100277,1478,72107,Libya
2021-01,118631,1877,98706,Libya
2021-02,133338,2179,120240,Libya
2021-03,158957,2667,147147,Libya
2021-04,177508,3029,163191,Libya
2021-05,184815,3116,171279,Libya
2020-03,9,0,0,Grenada
2020-04,20,0,13,Grenada
2020-05,23,0,18,Grenada
2020-06,23,0,23,Grenada
2020-07,24,0,23,Grenada
2020-08,24,0,24,Grenada
2020-09,24,0,24,Grenada
2020-10,28,0,24,Grenada
2020-11,41,0,30,Grenada
2020-12,127,0,107,Grenada
2021-01,148,1,142,Grenada
2021-02,148,1,147,Grenada
2021-03,155,1,152,Grenada
2021-04,160,1,158,Grenada
2021-05,161,1,160,Grenada
2020-03,532,3,30,Armenia
2020-04,2066,32,929,Armenia
2020-05,9282,131,3386,Armenia
2020-06,25542,443,14048,Armenia
2020-07,38550,738,28997,Armenia
2020-08,43781,879,37722,Armenia
2020-09,50359,959,44001,Armenia
2020-10,89813,1341,55317,Armenia
2020-11,135124,2164,108442,Armenia
2020-12,159409,2823,142801,Armenia
2021-01,167026,3080,157519,Armenia
2021-02,172058,3192,163394,Armenia
2021-03,192639,3515,173064,Armenia
2021-04,216064,4108,198135,Armenia
2021-05,222555,4428,212752,Armenia
2020-02,766,6,10,Others
2020-03,712,8,567,Others
2020-03,394,10,3,Tunisia
2020-04,994,41,305,Tunisia
2020-05,1077,48,960,Tunisia
2020-06,1174,50,1031,Tunisia
2020-07,1535,50,1195,Tunisia
2020-08,3803,77,1573,Tunisia
2020-09,18413,265,5032,Tunisia
2020-10,59813,1317,5032,Tunisia
2020-11,96769,3260,70851,Tunisia
2020-12,139140,4676,105364,Tunisia
2021-01,208885,6754,157446,Tunisia
2021-02,233277,8001,198006,Tunisia
2021-03,254018,8812,217293,Tunisia
2021-04,309119,10722,259957,Tunisia
2021-05,343374,12574,301273,Tunisia
2020-03,3,0,0,Liberia
2020-04,141,16,45,Liberia
2020-05,288,27,157,Liberia
2020-06,780,36,324,Liberia
2020-07,1186,75,670,Liberia
2020-08,1304,82,872,Liberia
2020-09,1343,82,1221,Liberia
2020-10,1426,82,1279,Liberia
2020-11,1595,83,1343,Liberia
2020-12,1779,83,1406,Liberia
2021-01,1939,84,1760,Liberia
2021-02,2014,85,1884,Liberia
2021-03,2042,85,1899,Liberia
2021-04,2099,85,1949,Liberia
2021-05,2179,86,2033,Liberia
2020-03,141,7,3,Honduras
2020-04,771,71,79,Honduras
2020-05,5202,212,537,Honduras
2020-06,19558,497,2060,Honduras
2020-07,42014,1337,5554,Honduras
2020-08,61014,1873,10396,Honduras
2020-09,76900,2353,27922,Honduras
2020-10,96888,2669,40129,Honduras
2020-11,108253,2918,48073,Honduras
2020-12,121827,3130,56694,Honduras
2021-01,147843,3610,60873,Honduras
2021-02,170304,4151,66513,Honduras
2021-03,189043,4605,72732,Honduras
2021-04,212333,5281,78623,Honduras
2021-05,236952,6296,84389,Honduras
2020-03,10,2,0,Syria
2020-04,43,3,21,Syria
2020-05,122,5,46,Syria
2020-06,279,9,105,Syria
2020-07,757,43,237,Syria
2020-08,2765,112,629,Syria
2020-09,4200,200,1103,Syria
2020-10,5728,288,1976,Syria
2020-11,7887,417,3560,Syria
2020-12,11434,711,5350,Syria
2021-01,14048,921,7562,Syria
2021-02,15588,1027,9801,Syria
2021-03,18909,1265,12731,Syria
2021-04,22733,1592,16821,Syria
2021-05,24440,1763,21593,Syria
2020-01,2,0,0,UK
2020-02,23,0,8,UK
2020-03,30955,2034,262,UK
2020-04,172483,26842,1203,UK
2020-05,276156,38571,1190,UK
2020-06,604303,84944,1386,UK
2020-07,421030,46214,1439,UK
2020-08,338093,46809,1682,UK
2020-09,455848,42270,2375,UK
2020-10,1014795,46645,2841,UK
2020-11,1633736,58545,3573,UK
2020-12,2496235,73622,5482,UK
2021-01,3828187,106367,9656,UK
2021-02,4188827,123083,11643,UK
2021-03,4359982,126955,13082,UK
2021-04,4432310,127775,14683,UK
2021-05,4496823,128037,15481,UK
2020-03,87,3,1,Trinidad and Tobago
2020-04,116,8,72,Trinidad and Tobago
2020-05,117,8,108,Trinidad and Tobago
2020-06,130,8,113,Trinidad and Tobago
2020-07,169,8,132,Trinidad and Tobago
2020-08,1759,22,894,Trinidad and Tobago
2020-09,4531,76,2560,Trinidad and Tobago
2020-10,5692,108,4610,Trinidad and Tobago
2020-11,6669,120,5771,Trinidad and Tobago
2020-12,7150,127,6650,Trinidad and Tobago
2021-01,7564,134,7168,Trinidad and Tobago
2021-02,7713,139,7466,Trinidad and Tobago
2021-03,8026,142,7615,Trinidad and Tobago
2021-04,10824,169,8481,Trinidad and Tobago
2021-05,23001,470,13281,Trinidad and Tobago
2020-03,1563,10,165,Saudi Arabia
2020-04,22753,162,3163,Saudi Arabia
2020-05,85261,503,62442,Saudi Arabia
2020-06,190823,1649,130766,Saudi Arabia
2020-07,275905,2866,235658,Saudi Arabia
2020-08,315772,3897,290796,Saudi Arabia
2020-09,334605,4768,319154,Saudi Arabia
2020-10,347282,5402,333842,Saudi Arabia
2020-11,357360,5896,346802,Saudi Arabia
2020-12,362741,6223,353853,Saudi Arabia
2021-01,368074,6375,359573,Saudi Arabia
2021-02,377383,6494,368305,Saudi Arabia
2021-03,390007,6669,378083,Saudi Arabia
2021-04,417363,6957,400580,Saudi Arabia
2021-05,448284,7334,430937,Saudi Arabia
2020-03,44,0,0,Uganda
2020-04,83,0,52,Uganda
2020-05,417,0,72,Uganda
2020-06,889,0,819,Uganda
2020-07,1154,3,1071,Uganda
2020-08,2972,32,1288,Uganda
2020-09,8129,75,4260,Uganda
2020-10,12495,111,7503,Uganda
2020-11,20459,205,8989,Uganda
2020-12,35216,251,11733,Uganda
2021-01,39579,324,14179,Uganda
2021-02,40357,334,14666,Uganda
2021-03,40867,335,40449,Uganda
2021-04,41866,342,41422,Uganda
2021-05,45931,362,43401,Uganda
2020-03,18,0,6,French Guiana
2020-03,11,0,2,Namibia
2020-04,16,0,8,Namibia
2020-05,24,0,14,Namibia
2020-06,205,0,24,Namibia
2020-07,2129,10,166,Namibia
2020-08,7550,75,3327,Namibia
2020-09,11265,121,9014,Namibia
2020-10,12935,133,11036,Namibia
2020-11,14380,151,13535,Namibia
2020-12,23941,205,20076,Namibia
2021-01,33944,352,32378,Namibia
2021-02,38845,424,36261,Namibia
2021-03,44139,523,41848,Namibia
2021-04,48351,642,46021,Namibia
2021-05,54659,818,50241,Namibia
2020-03,7,0,0,Mayotte
2020-02,18,0,0,Switzerland
2020-03,16605,433,1823,Switzerland
2020-04,29586,1737,23400,Switzerland
2020-05,30862,1920,28500,Switzerland
2020-06,31714,1963,29200,Switzerland
2020-07,35232,1981,31100,Switzerland
2020-08,42177,2006,36100,Switzerland
2020-09,53282,2074,42700,Switzerland
2020-10,154251,2297,65200,Switzerland
2020-11,327072,4815,250200,Switzerland
2020-12,452296,7645,317600,Switzerland
2021-01,521320,9381,317600,Switzerland
2021-02,554932,9966,317600,Switzerland
2021-03,601124,10337,317600,Switzerland
2021-04,659974,10632,317600,Switzerland
2021-05,693023,10805,317600,Switzerland
2020-03,35,0,0,Zambia
2020-04,106,3,55,Zambia
2020-05,1057,7,779,Zambia
2020-06,1594,24,1329,Zambia
2020-07,5963,151,3803,Zambia
2020-08,12097,288,11469,Zambia
2020-09,14759,332,13959,Zambia
2020-10,16432,349,15680,Zambia
2020-11,17647,357,16998,Zambia
2020-12,20725,388,18660,Zambia
2021-01,54217,763,48000,Zambia
2021-02,78534,1091,74498,Zambia
2021-03,88418,1208,84592,Zambia
2021-04,91586,1251,89933,Zambia
2021-05,94751,1276,91594,Zambia
2020-03,26,0,4,Ethiopia
2020-04,131,3,59,Ethiopia
2020-05,1172,11,209,Ethiopia
2020-06,5846,103,2430,Ethiopia
2020-07,17530,274,6950,Ethiopia
2020-08,52131,809,18994,Ethiopia
2020-09,75368,1198,31204,Ethiopia
2020-10,96169,1469,52517,Ethiopia
2020-11,110074,1706,73808,Ethiopia
2020-12,124264,1923,112096,Ethiopia
2021-01,137650,2093,122862,Ethiopia
2021-02,159072,2365,134858,Ethiopia
2021-03,206589,2865,158109,Ethiopia
2021-04,257442,3688,198862,Ethiopia
2021-05,271200,4143,236774,Ethiopia
2020-03,398,0,1,Latvia
2020-04,858,15,348,Latvia
2020-05,1066,24,745,Latvia
2020-06,1118,30,974,Latvia
2020-07,1231,32,1052,Latvia
2020-08,1396,34,1163,Latvia
2020-09,1824,37,1307,Latvia
2020-10,5894,71,1406,Latvia
2020-11,17075,206,1795,Latvia
2020-12,40904,635,27113,Latvia
2021-01,66241,1195,54686,Latvia
2021-02,86186,1618,75255,Latvia
2021-03,102363,1899,93631,Latvia
2021-04,118558,2131,107701,Latvia
2021-05,132918,2370,125340,Latvia
2020-03,36,1,2,Jamaica
2020-04,422,8,29,Jamaica
2020-05,586,9,311,Jamaica
2020-06,702,10,553,Jamaica
2020-07,878,10,726,Jamaica
2020-08,2459,21,890,Jamaica
2020-09,6482,107,1867,Jamaica
2020-10,9094,206,4510,Jamaica
2020-11,10763,257,6219,Jamaica
2020-12,12827,302,10383,Jamaica
2021-01,15653,350,12043,Jamaica
2021-02,23263,422,13410,Jamaica
2021-03,39237,596,17598,Jamaica
2021-04,45578,778,21059,Jamaica
2021-05,48374,942,24866,Jamaica
2020-03,9,0,0,Eswatini
2020-04,100,1,12,Eswatini
2020-05,285,2,189,Eswatini
2020-06,812,11,408,Eswatini
2020-07,2648,41,1214,Eswatini
2020-08,4577,91,3529,Eswatini
2020-09,5482,109,4912,Eswatini
2020-10,5917,117,5646,Eswatini
2020-11,6419,122,6006,Eswatini
2020-12,9358,205,7073,Eswatini
2021-01,15711,565,10478,Eswatini
2021-02,17014,652,14676,Eswatini
2021-03,17337,667,16528,Eswatini
2021-04,18458,671,17743,Eswatini
2021-05,18589,672,17861,Eswatini
2020-01,4,0,0,United Arab Emirates
2020-02,21,0,5,United Arab Emirates
2020-03,664,6,61,United Arab Emirates
2020-04,12481,105,2429,United Arab Emirates
2020-05,34557,264,17932,United Arab Emirates
2020-06,48667,315,37566,United Arab Emirates
2020-07,60506,351,53909,United Arab Emirates
2020-08,70231,384,60931,United Arab Emirates
2020-09,94190,419,83724,United Arab Emirates
2020-10,132629,495,128902,United Arab Emirates
2020-11,168860,572,154899,United Arab Emirates
2020-12,207822,669,184442,United Arab Emirates
2021-01,303609,850,276958,United Arab Emirates
2021-02,391524,1221,381225,United Arab Emirates
2021-03,461444,1497,445355,United Arab Emirates
2021-04,520236,1587,500779,United Arab Emirates
2021-05,567263,1673,547008,United Arab Emirates
2020-03,129,1,45,Brunei
2020-04,138,1,124,Brunei
2020-05,141,2,138,Brunei
2020-06,141,3,138,Brunei
2020-07,141,3,138,Brunei
2020-08,144,3,139,Brunei
2020-09,146,3,142,Brunei
2020-10,148,3,143,Brunei
2020-11,150,3,145,Brunei
2020-12,157,3,149,Brunei
2021-01,180,3,170,Brunei
2021-02,186,3,181,Brunei
2021-03,212,3,194,Brunei
2021-04,224,3,215,Brunei
2021-05,241,3,228,Brunei
2020-04,35,0,0,South Sudan
2020-05,994,10,6,South Sudan
2020-06,2007,38,279,South Sudan
2020-07,2322,46,1175,South Sudan
2020-08,2527,47,1290,South Sudan
2020-09,2704,49,1290,South Sudan
2020-10,2905,58,1290,South Sudan
2020-11,3109,61,2954,South Sudan
2020-12,3558,63,3131,South Sudan
2021-01,3929,64,3613,South Sudan
2021-02,7926,93,4217,South Sudan
2021-03,10165,109,9668,South Sudan
2021-04,10583,115,10312,South Sudan
2021-05,10688,115,10514,South Sudan
2020-03,13,0,1,Saint Lucia
2020-04,17,0,15,Saint Lucia
2020-05,18,0,18,Saint Lucia
2020-06,19,0,19,Saint Lucia
2020-07,25,0,22,Saint Lucia
2020-08,26,0,25,Saint Lucia
2020-09,27,0,27,Saint Lucia
2020-10,78,0,28,Saint Lucia
2020-11,259,2,131,Saint Lucia
2020-12,353,5,289,Saint Lucia
2021-01,1195,13,618,Saint Lucia
2021-02,3390,35,3013,Saint Lucia
2021-03,4238,60,4142,Saint Lucia
2021-04,4552,74,4363,Saint Lucia
2021-05,5035,77,4772,Saint Lucia
2020-03,22,0,0,Guinea
2020-04,1495,7,329,Guinea
2020-05,3706,23,2030,Guinea
2020-06,5391,33,4326,Guinea
2020-07,7308,46,6458,Guinea
2020-08,9409,59,8447,Guinea
2020-09,10652,66,9996,Guinea
2020-10,12072,72,10550,Guinea
2020-11,13119,76,12045,Guinea
2020-12,13722,81,13141,Guinea
2021-01,14546,82,14208,Guinea
2021-02,15992,89,14897,Guinea
2021-03,19908,125,16619,Guinea
2021-04,22215,144,19670,Guinea
2021-05,23172,161,20971,Guinea
2020-01,3,0,0,Canada
2020-02,23,0,6,Canada
2020-03,8564,152,1606,Canada
2020-04,54457,4180,21424,Canada
2020-05,92479,7906,84390,Canada
2020-06,106098,8780,69121,Canada
2020-07,118281,9025,102907,Canada
2020-08,130918,9193,116020,Canada
2020-09,161107,9391,137181,Canada
2020-10,237314,10276,198952,Canada
2020-11,381557,12239,304595,Canada
2020-12,584409,15762,493638,Canada
2021-01,783695,20041,710699,Canada
2021-02,871694,21990,819420,Canada
2021-03,988808,22960,918581,Canada
2021-04,1228367,24220,1125237,Canada
2021-05,1384373,25451,1322602,Canada
2020-03,10,0,0,Seychelles
2020-04,11,0,6,Seychelles
2020-05,11,0,11,Seychelles
2020-06,81,0,11,Seychelles
2020-07,114,0,39,Seychelles
2020-08,136,0,127,Seychelles
2020-09,144,0,140,Seychelles
2020-10,153,0,149,Seychelles
2020-11,183,0,162,Seychelles
2020-12,256,0,214,Seychelles
2021-01,1205,4,1015,Seychelles
2021-02,2618,11,2287,Seychelles
2021-03,4135,22,3745,Seychelles
2021-04,5873,28,5101,Seychelles
2021-05,11145,40,9936,Seychelles
2020-02,1,0,0,North Macedonia
2020-03,329,9,12,North Macedonia
2020-04,1465,77,738,North Macedonia
2020-05,2226,133,1552,North Macedonia
2020-06,6334,302,2475,North Macedonia
2020-07,10754,486,6554,North Macedonia
2020-08,14341,603,11157,North Macedonia
2020-09,17977,739,14959,North Macedonia
2020-10,31572,994,20731,North Macedonia
2020-11,61878,1763,38946,North Macedonia
2020-12,83329,2503,61447,North Macedonia
2021-01,92693,2855,81681,North Macedonia
2021-02,102787,3137,91233,North Macedonia
2021-03,130022,3781,106979,North Macedonia
2021-04,152367,4855,132765,North Macedonia
2021-05,155246,5398,147473,North Macedonia
2020-03,2,0,0,Faroe Islands
2020-03,172,2,7,Uzbekistan
2020-04,2039,9,1133,Uzbekistan
2020-05,3623,15,2837,Uzbekistan
2020-06,8503,26,5682,Uzbekistan
2020-07,24009,141,14464,Uzbekistan
2020-08,41893,320,39275,Uzbekistan
2020-09,56717,470,53366,Uzbekistan
2020-10,66932,566,64235,Uzbekistan
2020-11,73094,610,70337,Uzbekistan
2020-12,77060,614,74943,Uzbekistan
2021-01,78711,621,77191,Uzbekistan
2021-02,79926,622,78496,Uzbekistan
2021-03,82869,629,80983,Uzbekistan
2021-04,90808,649,87067,Uzbekistan
2021-05,99844,688,95529,Uzbekistan
2020-03,107,0,3,Kyrgyzstan
2020-04,746,8,462,Kyrgyzstan
2020-05,1748,16,1170,Kyrgyzstan
2020-06,5506,61,2443,Kyrgyzstan
2020-07,35805,1378,25037,Kyrgyzstan
2020-08,43898,1498,38459,Kyrgyzstan
2020-09,46669,1064,42879,Kyrgyzstan
2020-10,58878,1144,49983,Kyrgyzstan
2020-11,73178,1275,64711,Kyrgyzstan
2020-12,81034,1355,75918,Kyrgyzstan
2021-01,84588,1412,80987,Kyrgyzstan
2021-02,86251,1466,83210,Kyrgyzstan
2021-03,88538,1500,84897,Kyrgyzstan
2021-04,95275,1604,89191,Kyrgyzstan
2021-05,104222,1797,98000,Kyrgyzstan
2020-03,0,0,0,Samoa
2020-04,0,0,0,Samoa
2020-05,0,0,0,Samoa
2020-06,0,0,0,Samoa
2020-07,0,0,0,Samoa
2020-08,0,0,0,Samoa
2020-09,0,0,0,Samoa
2020-10,0,0,0,Samoa
2020-11,2,0,0,Samoa
2020-12,2,0,2,Samoa
2021-01,2,0,2,Samoa
2021-02,3,0,2,Samoa
2021-03,3,0,2,Samoa
2021-04,3,0,2,Samoa
2021-05,3,0,3,Samoa
2020-03,3308,31,45,Czech Republic
2020-04,7682,236,3314,Czech Republic
2020-05,9268,320,6558,Czech Republic
2020-06,11954,349,7771,Czech Republic
2020-07,16574,382,11569,Czech Republic
2020-08,24618,424,17807,Czech Republic
2020-09,68919,655,33443,Czech Republic
2020-10,335102,3251,143359,Czech Republic
2020-11,523298,8295,451607,Czech Republic
2020-12,718661,11580,592581,Czech Republic
2021-01,984774,16308,871917,Czech Republic
2021-02,1235480,20339,1067557,Czech Republic
2021-03,1532332,26421,1366461,Czech Republic
2021-04,1630758,29267,1549439,Czech Republic
2021-05,1660935,30101,1617498,Czech Republic
2020-03,8,0,0,Mozambique
2020-04,76,0,12,Mozambique
2020-05,254,2,91,Mozambique
2020-06,889,6,232,Mozambique
2020-07,1864,11,641,Mozambique
2020-08,3916,23,2170,Mozambique
2020-09,8728,61,5232,Mozambique
2020-10,12869,92,10437,Mozambique
2020-11,15701,131,13729,Mozambique
2020-12,18642,166,16663,Mozambique
2021-01,38654,367,23955,Mozambique
2021-02,59350,641,41096,Mozambique
2021-03,67579,775,56409,Mozambique
2021-04,69917,814,65913,Mozambique
2021-05,70724,836,69499,Mozambique
2020-01,0,0,0,Brazil
2020-02,2,0,0,Brazil
2020-03,5717,201,127,Brazil
2020-04,87187,6006,35935,Brazil
2020-05,786734,47297,313349,Brazil
2020-06,1402041,59594,1072270,Brazil
2020-07,2662485,92476,2008854,Brazil
2020-08,3908272,121381,3338817,Brazil
2020-09,4810935,143952,4274774,Brazil
2020-10,5535605,159884,5005161,Brazil
2020-11,6335878,173120,5597802,Brazil
2020-12,7675973,194949,6849531,Brazil
2021-01,9204731,224504,8176373,Brazil
2021-02,10551259,254942,9382316,Brazil
2021-03,12748747,321515,11181371,Brazil
2021-04,14659011,403781,12991951,Brazil
2021-05,16471600,461057,14496224,Brazil
2020-03,3,0,0,Belize
2020-04,18,2,9,Belize
2020-05,18,2,16,Belize
2020-06,24,2,18,Belize
2020-07,48,2,30,Belize
2020-08,1007,13,173,Belize
2020-09,1992,27,1246,Belize
2020-10,3487,59,2160,Belize
2020-11,5854,148,3151,Belize
2020-12,10776,248,9795,Belize
2021-01,11908,301,11309,Belize
2021-02,12293,315,11836,Belize
2021-03,12456,317,12090,Belize
2021-04,12668,323,12218,Belize
2021-05,12791,324,12378,Belize
2020-03,59,1,1,Kenya
2020-04,396,17,144,Kenya
2020-05,1962,64,478,Kenya
2020-06,6366,148,2039,Kenya
2020-07,20636,341,8165,Kenya
2020-08,34201,577,19893,Kenya
2020-09,38529,711,24908,Kenya
2020-10,55192,981,35876,Kenya
2020-11,83618,1469,55344,Kenya
2020-12,96458,1670,78737,Kenya
2021-01,100773,1763,83907,Kenya
2021-02,105973,1856,86678,Kenya
2021-03,134058,2153,92679,Kenya
2021-04,159318,2724,108565,Kenya
2021-05,170485,3141,116133,Kenya
2020-03,4,1,0,Gambia
2020-04,11,1,8,Gambia
2020-05,25,1,20,Gambia
2020-06,49,2,27,Gambia
2020-07,498,9,68,Gambia
2020-08,2963,96,1032,Gambia
2020-09,3579,112,2161,Gambia
2020-10,3672,119,3196,Gambia
2020-11,3742,123,3601,Gambia
2020-12,3797,124,3664,Gambia
2021-01,4090,128,3792,Gambia
2021-02,4712,150,4089,Gambia
2021-03,5459,165,5070,Gambia
2021-04,5898,174,5357,Gambia
2021-05,5990,178,5767,Gambia
2020-03,119,1,18,West Bank and Gaza
2020-04,484,4,92,West Bank and Gaza
2020-05,448,3,372,West Bank and Gaza
2020-06,2428,8,451,West Bank and Gaza
2020-07,11837,82,5077,West Bank and Gaza
2020-08,22729,152,15056,West Bank and Gaza
2020-09,39899,311,31743,West Bank and Gaza
2020-10,53520,483,46309,West Bank and Gaza
2020-11,85647,732,64987,West Bank and Gaza
2020-12,138004,1400,117183,West Bank and Gaza
2021-01,158962,1833,148993,West Bank and Gaza
2021-02,183612,2042,166936,West Bank and Gaza
2021-03,242353,2627,215429,West Bank and Gaza
2021-04,296462,3249,272333,West Bank and Gaza
2021-05,307838,3492,300524,West Bank and Gaza
2020-02,5,0,0,Lebanon
2020-03,470,12,37,Lebanon
2020-04,725,24,150,Lebanon
2020-05,1220,27,712,Lebanon
2020-06,1778,34,1183,Lebanon
2020-07,4555,61,1761,Lebanon
2020-08,17308,167,4811,Lebanon
2020-09,39634,367,17565,Lebanon
2020-10,81228,637,41624,Lebanon
2020-11,127944,1018,83034,Lebanon
2020-12,181503,1468,127959,Lebanon
2021-01,301052,3082,180877,Lebanon
2021-02,375050,4692,291590,Lebanon
2021-03,468400,6234,370687,Lebanon
2021-04,526578,7278,461122,Lebanon
2021-05,540132,7718,517859,Lebanon
2020-03,802,15,10,Slovenia
2020-04,1429,91,233,Slovenia
2020-05,1473,108,1358,Slovenia
2020-06,1600,111,1384,Slovenia
2020-07,2156,119,1797,Slovenia
2020-08,2883,133,2296,Slovenia
2020-09,5690,150,3804,Slovenia
2020-10,34307,338,12091,Slovenia
2020-11,75814,1435,54138,Slovenia
2020-12,122152,2697,99382,Slovenia
2021-01,166473,3503,145722,Slovenia
2021-02,190081,3836,175210,Slovenia
2021-03,215602,4047,198524,Slovenia
2021-04,240292,4250,226647,Slovenia
2021-05,253493,4372,244646,Slovenia
2020-03,7,0,0,Antigua and Barbuda
2020-04,24,3,11,Antigua and Barbuda
2020-05,26,3,19,Antigua and Barbuda
2020-06,69,3,22,Antigua and Barbuda
2020-07,91,3,67,Antigua and Barbuda
2020-08,94,3,91,Antigua and Barbuda
2020-09,101,3,92,Antigua and Barbuda
2020-10,128,3,117,Antigua and Barbuda
2020-11,141,4,130,Antigua and Barbuda
2020-12,159,5,148,Antigua and Barbuda
2021-01,234,7,177,Antigua and Barbuda
2021-02,730,14,301,Antigua and Barbuda
2021-03,1136,28,820,Antigua and Barbuda
2021-04,1232,32,1014,Antigua and Barbuda
2021-05,1259,42,1206,Antigua and Barbuda
2020-03,1109,51,5,Dominican Republic
2020-04,6972,301,1301,Dominican Republic
2020-05,17285,502,10559,Dominican Republic
2020-06,32568,747,17580,Dominican Republic
2020-07,69649,1160,36470,Dominican Republic
2020-08,94715,1710,68082,Dominican Republic
2020-09,112209,2105,87629,Dominican Republic
2020-10,127018,2245,104862,Dominican Republic
2020-11,143988,2331,115219,Dominican Republic
2020-12,170785,2414,131185,Dominican Republic
2021-01,214060,2666,157533,Dominican Republic
2021-02,239617,3100,191338,Dominican Republic
2021-03,252727,3325,212156,Dominican Republic
2021-04,266561,3480,226392,Dominican Republic
2021-05,290526,3628,238810,Dominican Republic
2020-01,15,0,1,Japan
2020-02,241,5,32,Japan
2020-03,1953,56,424,Japan
2020-04,14153,430,2460,Japan
2020-05,33403,1756,28315,Japan
2020-06,18615,972,16480,Japan
2020-07,36235,1008,24776,Japan
2020-08,68398,1298,56341,Japan
2020-09,83593,1578,75523,Japan
2020-10,101327,1770,91734,Japan
2020-11,148962,2076,127290,Japan
2020-12,235811,3292,191295,Japan
2021-01,390166,5753,325436,Japan
2021-02,432093,7889,409180,Japan
2021-03,474641,9155,444874,Japan
2021-04,593264,10199,518891,Japan
2021-05,742539,12877,666786,Japan
2020-03,19,1,1,Tanzania
2020-04,480,16,167,Tanzania
2020-05,509,21,183,Tanzania
2020-06,509,21,183,Tanzania
2020-07,509,21,183,Tanzania
2020-08,509,21,183,Tanzania
2020-09,509,21,183,Tanzania
2020-10,509,21,183,Tanzania
2020-11,509,21,183,Tanzania
2020-12,509,21,183,Tanzania
2021-01,509,21,183,Tanzania
2021-02,509,21,183,Tanzania
2021-03,509,21,183,Tanzania
2021-04,509,21,183,Tanzania
2021-05,509,21,183,Tanzania
2020-03,4,1,0,Botswana
2020-04,23,1,5,Botswana
2020-05,35,1,20,Botswana
2020-06,227,1,28,Botswana
2020-07,804,2,63,Botswana
2020-08,1633,6,224,Botswana
2020-09,3172,16,710,Botswana
2020-10,6642,24,4676,Botswana
2020-11,10742,34,7912,Botswana
2020-12,14805,42,12136,Botswana
2021-01,21293,134,17198,Botswana
2021-02,28371,310,23244,Botswana
2021-03,39848,568,36958,Botswana
2021-04,46934,712,44960,Botswana
2021-05,53771,831,50494,Botswana
2020-03,21,0,0,Republic of Ireland
2020-02,1,0,0,Luxembourg
2020-03,2178,23,80,Luxembourg
2020-04,3784,90,3213,Luxembourg
2020-05,4018,110,3833,Luxembourg
2020-06,4299,110,3998,Luxembourg
2020-07,6695,114,5192,Luxembourg
2020-08,7928,124,7140,Luxembourg
2020-09,8509,124,7174,Luxembourg
2020-10,17134,152,10081,Luxembourg
2020-11,34678,321,26086,Luxembourg
2020-12,46415,495,40978,Luxembourg
2021-01,50388,577,47615,Luxembourg
2021-02,55110,637,51487,Luxembourg
2021-03,61642,746,57092,Luxembourg
2021-04,67205,796,63661,Luxembourg
2021-05,69830,814,67993,Luxembourg
2020-02,1,0,0,New Zealand
2020-03,647,1,74,New Zealand
2020-04,1479,19,1252,New Zealand
2020-05,1504,22,1481,New Zealand
2020-06,1528,22,1484,New Zealand
2020-07,1562,22,1518,New Zealand
2020-08,1752,22,1598,New Zealand
2020-09,1848,25,1770,New Zealand
2020-10,1959,25,1857,New Zealand
2020-11,2059,25,1962,New Zealand
2020-12,2162,25,2082,New Zealand
2021-01,2305,25,2208,New Zealand
2021-02,2378,26,2285,New Zealand
2021-03,2501,26,2408,New Zealand
2021-04,2613,26,2564,New Zealand
2021-05,2672,26,2630,New Zealand
2020-03,420,13,17,Bosnia and Herzegovina
2020-04,1757,69,727,Bosnia and Herzegovina
2020-05,2510,153,1862,Bosnia and Herzegovina
2020-06,4453,186,2402,Bosnia and Herzegovina
2020-07,11876,339,5959,Bosnia and Herzegovina
2020-08,19964,609,13095,Bosnia and Herzegovina
2020-09,27469,856,20616,Bosnia and Herzegovina
2020-10,50090,1234,28083,Bosnia and Herzegovina
2020-11,87901,2681,52769,Bosnia and Herzegovina
2020-12,110985,4050,77225,Bosnia and Herzegovina
2021-01,121497,4679,94604,Bosnia and Herzegovina
2021-02,130979,5071,115847,Bosnia and Herzegovina
2021-03,169626,6599,130492,Bosnia and Herzegovina
2021-04,198461,8551,159223,Bosnia and Herzegovina
2021-05,203839,9211,174236,Bosnia and Herzegovina
2020-03,2,0,0,St. Martin
2020-03,1,0,0,Greenland
2020-03,15,0,1,Haiti
2020-04,76,6,8,Haiti
2020-05,1584,35,29,Haiti
2020-06,5847,104,931,Haiti
2020-07,7378,159,4606,Haiti
2020-08,8209,201,5828,Haiti
2020-09,8740,227,6829,Haiti
2020-10,9054,232,7429,Haiti
2020-11,9272,232,8023,Haiti
2020-12,9999,236,8624,Haiti
2021-01,11533,245,9098,Haiti
2021-02,12430,250,9712,Haiti
2021-03,12758,252,11043,Haiti
2021-04,13056,254,12148,Haiti
2021-05,14128,302,12528,Haiti
2020-03,2311,33,13,Poland
2020-04,12877,644,3236,Poland
2020-05,23786,1064,11271,Poland
2020-06,34393,1463,21281,Poland
2020-07,45688,1716,33987,Poland
2020-08,67372,2039,46638,Poland
2020-09,91514,2513,69695,Poland
2020-10,362731,5631,140280,Poland
2020-11,990811,17150,577514,Poland
2020-12,1294878,28554,1036138,Poland
2021-01,1513385,37180,1270467,Poland
2021-02,1706986,43769,1422829,Poland
2021-03,2321717,53045,1861925,Poland
2021-04,2792142,67502,2496810,Poland
2021-05,2871371,73682,2636675,Poland
2020-03,7443,160,43,Portugal
2020-04,25045,989,1519,Portugal
2020-05,32500,1410,19409,Portugal
2020-06,42141,1576,27505,Portugal
2020-07,51072,1735,36483,Portugal
2020-08,58012,1822,41961,Portugal
2020-09,75542,1971,48530,Portugal
2020-10,141279,2507,80280,Portugal
2020-11,298061,4505,212942,Portugal
2020-12,413678,6906,334276,Portugal
2021-01,720516,12482,526411,Portugal
2021-02,804562,16317,718977,Portugal
2021-03,821722,16848,778210,Portugal
2021-04,836493,16974,795838,Portugal
2021-05,848213,17023,808557,Portugal
2020-01,14,0,2,Australia
2020-02,33,0,11,Australia
2020-03,4559,18,358,Australia
2020-04,6767,93,5742,Australia
2020-05,7205,103,6618,Australia
2020-06,7920,104,7040,Australia
2020-07,17280,201,9991,Australia
2020-08,25834,657,18369,Australia
2020-09,27097,888,21656,Australia
2020-10,27596,907,22188,Australia
2020-11,27912,908,22421,Australia
2020-12,28425,909,22565,Australia
2021-01,28819,909,22806,Australia
2021-02,28978,909,22909,Australia
2021-03,29322,909,23013,Australia
2021-04,29811,910,23294,Australia
2021-05,30096,910,23579,Australia
2020-03,193,6,5,Cameroon
2020-04,1832,61,934,Cameroon
2020-05,5904,191,3568,Cameroon
2020-06,12592,313,10100,Cameroon
2020-07,17255,391,15320,Cameroon
2020-08,19142,411,17651,Cameroon
2020-09,20838,418,19440,Cameroon
2020-10,21793,426,20117,Cameroon
2020-11,24445,437,22177,Cameroon
2020-12,26277,448,24892,Cameroon
2021-01,29617,462,28045,Cameroon
2021-02,35714,551,32594,Cameroon
2021-03,47669,721,35261,Cameroon
2021-04,72250,1107,35261,Cameroon
2021-05,78929,1275,35261,Cameroon
2020-03,1,0,0,Papua New Guinea
2020-04,8,0,0,Papua New Guinea
2020-05,8,0,8,Papua New Guinea
2020-06,11,0,8,Papua New Guinea
2020-07,72,2,11,Papua New Guinea
2020-08,459,5,232,Papua New Guinea
2020-09,534,7,516,Papua New Guinea
2020-10,589,7,575,Papua New Guinea
2020-11,656,7,597,Papua New Guinea
2020-12,780,9,661,Papua New Guinea
2021-01,851,9,812,Papua New Guinea
2021-02,1275,12,846,Papua New Guinea
2021-03,5991,60,846,Papua New Guinea
2021-04,10997,107,8943,Papua New Guinea
2021-05,15772,162,14857,Papua New Guinea
2020-02,3,0,0,Romania
2020-03,2245,82,220,Romania
2020-04,12240,717,4017,Romania
2020-05,19257,1266,13256,Romania
2020-06,26970,1651,19050,Romania
2020-07,50886,2343,27007,Romania
2020-08,87540,3621,37869,Romania
2020-09,127572,4825,102476,Romania
2020-10,241339,6968,172513,Romania
2020-11,475362,11331,353188,Romania
2020-12,632263,15767,560793,Romania
2021-01,728743,18335,674594,Romania
2021-02,801994,20350,740352,Romania
2021-03,952803,23538,850672,Romania
2021-04,1055265,28109,989393,Romania
2021-05,1077426,30247,1038539,Romania
2020-03,8,0,0,Guinea-Bissau
2020-04,205,1,19,Guinea-Bissau
2020-05,1256,8,42,Guinea-Bissau
2020-06,1654,24,317,Guinea-Bissau
2020-07,1981,26,803,Guinea-Bissau
2020-08,2205,34,1127,Guinea-Bissau
2020-09,2324,39,1549,Guinea-Bissau
2020-10,2413,41,1818,Guinea-Bissau
2020-11,2441,44,2327,Guinea-Bissau
2020-12,2452,45,2397,Guinea-Bissau
2021-01,2634,45,2427,Guinea-Bissau
2021-02,3262,48,2613,Guinea-Bissau
2021-03,3650,63,2972,Guinea-Bissau
2021-04,3734,67,3315,Guinea-Bissau
2021-05,3761,68,3516,Guinea-Bissau
2020-03,399,8,17,Bulgaria
2020-04,1506,66,266,Bulgaria
2020-05,2513,140,1074,Bulgaria
2020-06,4989,230,2676,Bulgaria
2020-07,11690,383,6319,Bulgaria
2020-08,16266,629,11483,Bulgaria
2020-09,20833,825,14634,Bulgaria
2020-10,52844,1279,20045,Bulgaria
2020-11,145300,4035,50565,Bulgaria
2020-12,202266,7576,119527,Bulgaria
2021-01,218748,9045,187052,Bulgaria
2021-02,247038,10191,205545,Bulgaria
2021-03,342633,13197,259561,Bulgaria
2021-04,404380,16399,339534,Bulgaria
2021-05,418221,17657,380359,Bulgaria
2020-10,8,0,4,Solomon Islands
2020-11,17,0,5,Solomon Islands
2020-12,17,0,5,Solomon Islands
2021-01,17,0,10,Solomon Islands
2021-02,18,0,14,Solomon Islands
2021-03,19,0,18,Solomon Islands
2021-04,20,0,20,Solomon Islands
2021-05,20,0,20,Solomon Islands
2020-01,1,0,0,Nepal
2020-02,1,0,1,Nepal
2020-03,5,0,1,Nepal
2020-04,57,0,16,Nepal
2020-05,1572,8,220,Nepal
2020-06,13564,29,3194,Nepal
2020-07,19771,56,14399,Nepal
2020-08,39460,228,21410,Nepal
2020-09,77817,498,56428,Nepal
2020-10,170743,937,131222,Nepal
2020-11,233452,1508,214521,Nepal
2020-12,260593,1856,252359,Nepal
2021-01,270959,2029,266336,Nepal
2021-02,274143,2774,270407,Nepal
2021-03,277309,3030,272786,Nepal
2021-04,323187,3279,281095,Nepal
2021-05,553422,7163,434750,Nepal
2020-02,11,0,0,Austria
2020-03,10180,128,1095,Austria
2020-04,15452,584,12907,Austria
2020-05,16731,668,15593,Austria
2020-06,17766,705,16478,Austria
2020-07,21130,718,18758,Austria
2020-08,27438,733,23226,Austria
2020-09,44813,799,35644,Austria
2020-10,104925,1109,67226,Austria
2020-11,282456,3184,221692,Austria
2020-12,360815,6222,332952,Austria
2021-01,414398,7721,392497,Austria
2021-02,459440,8561,430415,Austria
2021-03,546229,9339,501116,Austria
2021-04,618870,10205,584777,Austria
2021-05,644207,10592,627672,Austria
2020-02,1,0,1,Egypt
2020-03,710,46,157,Egypt
2020-04,5537,392,1381,Egypt
2020-05,24985,959,6037,Egypt
2020-06,68311,2953,18460,Egypt
2020-07,94078,4805,39638,Egypt
2020-08,98939,5421,72929,Egypt
2020-09,103198,5930,96494,Egypt
2020-10,107555,6266,99452,Egypt
2020-11,115911,6650,102718,Egypt
2020-12,138062,7631,112105,Egypt
2021-01,165951,9316,129636,Egypt
2021-02,182424,10688,140892,Egypt
2021-03,202131,11995,154694,Egypt
2021-04,227552,13339,170773,Egypt
2021-05,260659,15001,191475,Egypt
2020-03,347,2,4,Costa Rica
2020-04,719,6,338,Costa Rica
2020-05,1056,10,669,Costa Rica
2020-06,3459,16,1436,Costa Rica
2020-07,17820,150,4404,Costa Rica
2020-08,41287,436,16056,Costa Rica
2020-09,75760,904,37841,Costa Rica
2020-10,109971,1385,66719,Costa Rica
2020-11,139638,1726,87526,Costa Rica
2020-12,169321,2185,131923,Costa Rica
2021-01,193276,2604,151952,Costa Rica
2021-02,204341,2800,177099,Costa Rica
2021-03,216764,2957,192699,Costa Rica
2021-04,250991,3231,203009,Costa Rica
2021-05,314102,3962,242019,Costa Rica
2020-03,343,2,24,Kazakhstan
2020-04,3402,25,866,Kazakhstan
2020-05,10858,40,5404,Kazakhstan
2020-06,22308,188,13558,Kazakhstan
2020-07,90367,793,60825,Kazakhstan
2020-08,130673,1781,101553,Kazakhstan
2020-09,140707,2078,129902,Kazakhstan
2020-10,149699,2226,135110,Kazakhstan
2020-11,174563,2433,147425,Kazakhstan
2020-12,201196,2761,175558,Kazakhstan
2021-01,235844,3046,204668,Kazakhstan
2021-02,262715,3162,238982,Kazakhstan
2021-03,297472,3232,268564,Kazakhstan
2021-04,375539,3334,328532,Kazakhstan
2021-05,438715,3442,402272,Kazakhstan
2020-03,32,1,0,El Salvador
2020-04,395,10,119,El Salvador
2020-05,2517,46,1040,El Salvador
2020-06,6438,174,3770,El Salvador
2020-07,16632,448,8362,El Salvador
2020-08,25729,717,14292,El Salvador
2020-09,29077,843,23813,El Salvador
2020-10,33826,975,29186,El Salvador
2020-11,38941,1114,35078,El Salvador
2020-12,46242,1327,45960,El Salvador
2021-01,54966,1623,48711,El Salvador
2021-02,60181,1854,55312,El Salvador
2021-03,64726,2006,61640,El Salvador
2021-04,69198,2124,64876,El Salvador
2021-05,73246,2241,68408,El Salvador
2020-03,900,16,15,Serbia
2020-04,9009,179,1343,Serbia
2020-05,11412,243,6698,Serbia
2020-06,14564,277,12662,Serbia
2020-07,25552,573,15564,Serbia
2020-08,31406,713,0,Serbia
2020-09,33551,749,0,Serbia
2020-10,46954,820,0,Serbia
2020-11,175438,1604,0,Serbia
2020-12,337923,3211,0,Serbia
2021-01,395263,4020,0,Serbia
2021-02,459259,4443,0,Serbia
2021-03,600596,5308,0,Serbia
2021-04,689557,6362,0,Serbia
2021-05,712046,6844,0,Serbia
2020-03,1353,5,31,South Africa
2020-04,5647,103,2073,South Africa
2020-05,32683,683,16809,South Africa
2020-06,151209,2657,73543,South Africa
2020-07,493183,8005,326171,South Africa
2020-08,627041,14149,540923,South Africa
2020-09,674339,16734,608112,South Africa
2020-10,725452,19276,654182,South Africa
2020-11,790004,21535,731242,South Africa
2020-12,1057161,28469,879671,South Africa
2021-01,1453761,44164,1299620,South Africa
2021-02,1513393,49993,1430259,South Africa
2021-03,1548157,52846,1474319,South Africa
2021-04,1581210,54350,1505620,South Africa
2021-05,1659070,56363,1554184,South Africa
2020-03,261,14,32,Burkina Faso
2020-04,645,43,506,Burkina Faso
2020-05,847,53,720,Burkina Faso
2020-06,962,53,838,Burkina Faso
2020-07,1106,53,935,Burkina Faso
2020-08,1368,55,1058,Burkina Faso
2020-09,2056,58,1335,Burkina Faso
2020-10,2500,67,2250,Burkina Faso
2020-11,2886,68,2593,Burkina Faso
2020-12,6707,85,5100,Burkina Faso
2021-01,10682,120,9253,Burkina Faso
2021-02,11982,142,11493,Burkina Faso
2021-03,12717,146,12385,Burkina Faso
2021-04,13310,157,13043,Burkina Faso
2021-05,13430,166,13248,Burkina Faso
2020-02,41,0,0,Bahrain
2020-03,567,4,295,Bahrain
2020-04,3040,8,1500,Bahrain
2020-05,11398,19,6673,Bahrain
2020-06,26758,87,21331,Bahrain
2020-07,40982,147,37840,Bahrain
2020-08,51972,190,49047,Bahrain
2020-09,70864,251,64838,Bahrain
2020-10,81645,321,78719,Bahrain
2020-11,86956,341,85141,Bahrain
2020-12,92675,352,90217,Bahrain
2021-01,103057,375,98599,Bahrain
2021-02,122394,449,115089,Bahrain
2021-03,144445,521,135315,Bahrain
2021-04,176934,646,165928,Bahrain
2021-05,235698,939,205962,Bahrain
2021-01,1,0,1,Micronesia
2021-02,1,0,1,Micronesia
2021-03,1,0,1,Micronesia
2021-04,1,0,1,Micronesia
2021-05,1,0,1,Micronesia
2020-01,0,0,0,Colombia
2020-03,906,16,31,Colombia
2020-04,6507,293,1439,Colombia
2020-05,52084,1724,13237,Colombia
2020-06,96243,3377,40026,Colombia
2020-07,295660,10107,154387,Colombia
2020-08,615094,19662,459460,Colombia
2020-09,829679,25999,743653,Colombia
2020-10,1073809,31807,979097,Colombia
2020-11,1527800,37062,1218725,Colombia
2020-12,1642775,43408,1508420,Colombia
2021-01,2108490,54364,1954032,Colombia
2021-02,2251690,59908,2148249,Colombia
2021-03,2410048,63544,2289784,Colombia
2021-04,2876101,74046,2682199,Colombia
2021-05,3363061,87990,3141550,Colombia
2020-03,492,16,37,Hungary
2020-04,2775,312,581,Hungary
2020-05,3876,526,2147,Hungary
2020-06,4155,585,2692,Hungary
2020-07,4505,596,3353,Hungary
2020-08,6139,615,3761,Hungary
2020-09,26461,765,5890,Hungary
2020-10,75321,1750,19032,Hungary
2020-11,217122,4823,63860,Hungary
2020-12,322514,9537,150102,Hungary
2021-01,367586,12524,262968,Hungary
2021-02,428599,14974,321128,Hungary
2021-03,652433,20737,406935,Hungary
2021-04,779348,27540,510379,Hungary
2021-05,804032,29709,692248,Hungary
2020-02,4,0,0,Pakistan
2020-03,1938,26,76,Pakistan
2020-04,16817,385,4315,Pakistan
2020-05,69496,1483,25271,Pakistan
2020-06,327172,6650,137110,Pakistan
2020-07,278305,5951,247177,Pakistan
2020-08,295849,6294,280682,Pakistan
2020-09,312806,6484,297497,Pakistan
2020-10,333970,6823,314555,Pakistan
2020-11,400482,8091,343286,Pakistan
2020-12,482178,10176,437229,Pakistan
2021-01,546428,11684,501252,Pakistan
2021-02,581365,12896,546371,Pakistan
2021-03,672931,14531,605274,Pakistan
2021-04,825519,17957,717009,Pakistan
2021-05,918936,20736,839322,Pakistan
2020-03,6,0,0,Vatican City
2020-04,11,0,2,Vatican City
2020-05,12,0,2,Vatican City
2020-06,12,0,12,Vatican City
2020-07,12,0,12,Vatican City
2020-08,12,0,12,Vatican City
2020-09,12,0,12,Vatican City
2020-10,27,0,15,Vatican City
2020-11,27,0,15,Vatican City
2020-12,27,0,15,Vatican City
2021-01,27,0,15,Vatican City
2021-02,27,0,15,Vatican City
2021-03,27,0,15,Vatican City
2021-04,27,0,15,Vatican City
2021-05,27,0,27,Vatican City
2020-11,1,0,0,Vanuatu
2020-12,1,0,1,Vanuatu
2021-01,1,0,1,Vanuatu
2021-02,1,0,1,Vanuatu
2021-03,3,0,1,Vanuatu
2021-04,4,1,3,Vanuatu
2021-05,4,1,3,Vanuatu
2020-03,143,5,0,Mauritius
2020-04,334,10,310,Mauritius
2020-05,335,10,322,Mauritius
2020-06,341,10,326,Mauritius
2020-07,344,10,332,Mauritius
2020-08,356,10,335,Mauritius
2020-09,381,10,344,Mauritius
2020-10,441,10,398,Mauritius
2020-11,504,10,456,Mauritius
2020-12,527,10,496,Mauritius
2021-01,569,10,528,Mauritius
2021-02,610,10,571,Mauritius
2021-03,1028,12,643,Mauritius
2021-04,1209,17,1084,Mauritius
2021-05,1363,17,1183,Mauritius
2020-03,353,4,18,Moldova
2020-04,3897,116,1182,Moldova
2020-05,8251,295,4581,Moldova
2020-06,16613,545,9382,Moldova
2020-07,24733,778,17269,Moldova
2020-08,36920,995,25872,Moldova
2020-09,53042,1320,38997,Moldova
2020-10,76040,1785,55782,Moldova
2020-11,107364,2304,95354,Moldova
2020-12,144818,2985,130643,Moldova
2021-01,159804,3438,150090,Moldova
2021-02,185453,3949,166178,Moldova
2021-03,230241,4960,207852,Moldova
2021-04,250837,5812,239914,Moldova
2021-05,255105,6100,247349,Moldova
2020-01,9783,213,214,Mainland China
2020-02,79251,2835,39279,Mainland China
2020-03,81525,3305,76062,Mainland China
2020-04,82874,4633,78461,Mainland China
2020-05,83017,4634,78307,Mainland China
2020-06,83539,4634,78485,Mainland China
2020-07,84337,4634,78990,Mainland China
2020-08,85058,4634,80207,Mainland China
2020-09,85412,4634,80587,Mainland China
2020-10,85997,4634,81000,Mainland China
2020-11,86542,4634,81627,Mainland China
2020-12,87071,4634,82064,Mainland China
2021-01,89564,4636,83310,Mainland China
2021-02,89913,4636,85069,Mainland China
2021-03,90219,4636,85411,Mainland China
2021-04,90672,4636,85713,Mainland China
2021-05,91074,4636,86124,Mainland China
2020-01,2,0,0,Vietnam
2020-02,16,0,16,Vietnam
2020-03,212,0,58,Vietnam
2020-04,270,0,225,Vietnam
2020-05,328,0,279,Vietnam
2020-06,355,0,335,Vietnam
2020-07,558,3,373,Vietnam
2020-08,1044,34,707,Vietnam
2020-09,1094,35,1010,Vietnam
2020-10,1180,35,1062,Vietnam
2020-11,1347,35,1179,Vietnam
2020-12,1465,35,1325,Vietnam
2021-01,1817,35,1457,Vietnam
2021-02,2448,35,1876,Vietnam
2021-03,2603,35,2359,Vietnam
2021-04,2928,35,2516,Vietnam
2021-05,6908,47,2896,Vietnam
2020-02,6,0,0,Netherlands
2020-03,16298,1176,255,Netherlands
2020-04,39512,4811,375,Netherlands
2020-05,46645,5975,178,Netherlands
2020-06,50483,6132,186,Netherlands
2020-07,106104,12305,200,Netherlands
2020-08,73232,6252,1010,Netherlands
2020-09,131843,6476,4019,Netherlands
2020-10,357640,7459,5882,Netherlands
2020-11,531938,9454,6947,Netherlands
2020-12,808382,11525,9585,Netherlands
2021-01,994278,14132,12910,Netherlands
2021-02,1103564,15689,14416,Netherlands
2021-03,1292806,16689,16209,Netherlands
2021-04,1522973,17398,25632,Netherlands
2021-05,1671977,17889,26810,Netherlands
2020-03,712,10,603,Diamond Princess
2020-04,712,13,645,Diamond Princess
2020-05,712,13,651,Diamond Princess
2020-06,712,13,651,Diamond Princess
2020-07,712,13,651,Diamond Princess
2020-08,712,13,651,Diamond Princess
2020-09,712,13,651,Diamond Princess
2020-10,712,13,659,Diamond Princess
2020-11,712,13,659,Diamond Princess
2020-12,712,13,699,Diamond Princess
2021-01,712,13,699,Diamond Princess
2021-02,712,13,699,Diamond Princess
2021-03,712,13,699,Diamond Princess
2021-04,712,13,699,Diamond Princess
2021-05,712,13,699,Diamond Princess
2020-03,28,2,0,Mali
2020-04,490,26,135,Mali
2020-05,1265,77,716,Mali
2020-06,2181,116,1474,Mali
2020-07,2535,124,1937,Mali
2020-08,2776,126,2169,Mali
2020-09,3118,131,2453,Mali
2020-10,3554,136,2753,Mali
2020-11,4710,156,3206,Mali
2020-12,7090,269,4650,Mali
2021-01,8091,330,5945,Mali
2021-02,8376,353,6402,Mali
2021-03,10042,385,6830,Mali
2021-04,13858,484,8560,Mali
2021-05,14265,517,9690,Mali
